reason,valueA,valueB,normalizedA,normalizedB,proposedSlugA,proposedSlugB,levenshteinDistance,deckCountA,deckCountB,sampleDecksA,sampleDecksB
levenshtein,007,1st,007,1st,007,1st,3,1,1,007,1st v3
levenshtein,007,666,007,666,007,666,3,1,1,007,666 Purple Inferno
levenshtein,007,ARW,007,arw,007,arw,3,1,1,007,ARW v2.1
levenshtein,007,D23,007,d23,007,d23,3,1,1,007,Magic & Mystery
levenshtein,007,DC,007,dc,007,dc,3,1,2,007,Dark Knight | Superman
levenshtein,007,Elf,007,elf,007,elf,3,1,1,007,Elf
levenshtein,007,Eva,007,eva,007,eva,3,1,11,007,Eva Original | Eva Original (signed) | Eva Noire
levenshtein,007,Lux,007,lux,007,lux,3,1,2,007,Lux Tarot | Lux Tarot Gilded
levenshtein,007,Neo,007,neo,007,neo,3,1,3,007,Neo | Neo Ltd | Neo Wave Ultra Sunset
levenshtein,007,NPH,007,nph,007,nph,3,1,1,007,NPH
levenshtein,007,Pi,007,pi,007,pi,3,1,3,007,Pi Standard | Plum Pi Standard | Chocolate Pi Standard
levenshtein,007,SNL,007,snl,007,snl,3,1,1,007,SNL
levenshtein,007,VHS,007,vhs,007,vhs,3,1,6,007,VHS 1982 Standard | VHS 1982 Early Light E. 12 | VHS 1982 Pinewood Derby '86
levenshtein,007,WB,007,wb,007,wb,3,1,1,007,WB
levenshtein,1969,1st,1969,1st,1969,1st,3,2,1,1969 | 1969 Limited,1st v3
levenshtein,1969,666,1969,666,1969,666,3,2,1,1969 | 1969 Limited,666 Purple Inferno
levenshtein,1st,666,1st,666,1st,666,3,1,1,1st v3,666 Purple Inferno
levenshtein,1st,ARW,1st,arw,1st,arw,3,1,1,1st v3,ARW v2.1
levenshtein,1st,Brut,1st,brut,1st,brut,3,1,1,1st v3,Brut
levenshtein,1st,Cult,1st,cult,1st,cult,3,1,8,1st v3,Cult: Air (Silver Seal) | Cult: Air (Blue Seal - Inner Circle) | Cult: Earth (Green Seal)
levenshtein,1st,D23,1st,d23,1st,d23,3,1,1,1st v3,Magic & Mystery
levenshtein,1st,DC,1st,dc,1st,dc,3,1,2,1st v3,Dark Knight | Superman
levenshtein,1st,Elf,1st,elf,1st,elf,3,1,1,1st v3,Elf
levenshtein,1st,Eva,1st,eva,1st,eva,3,1,11,1st v3,Eva Original | Eva Original (signed) | Eva Noire
levenshtein,1st,Less,1st,less,1st,less,3,1,2,1st v3,Less Silver | Less Gold
levenshtein,1st,Lux,1st,lux,1st,lux,3,1,2,1st v3,Lux Tarot | Lux Tarot Gilded
levenshtein,1st,Mint,1st,mint,1st,mint,3,1,2,1st v3,Mint v2 Cucumber | Mint v2 Blueberry Mint
levenshtein,1st,Neo,1st,neo,1st,neo,3,1,3,1st v3,Neo | Neo Ltd | Neo Wave Ultra Sunset
levenshtein,1st,NPH,1st,nph,1st,nph,3,1,1,1st v3,NPH
levenshtein,1st,Pi,1st,pi,1st,pi,3,1,3,1st v3,Pi Standard | Plum Pi Standard | Chocolate Pi Standard
levenshtein,1st,SNL,1st,snl,1st,snl,3,1,1,1st v3,SNL
levenshtein,1st,VHS,1st,vhs,1st,vhs,3,1,6,1st v3,VHS 1982 Standard | VHS 1982 Early Light E. 12 | VHS 1982 Pinewood Derby '86
levenshtein,1st,WB,1st,wb,1st,wb,3,1,1,1st v3,WB
levenshtein,666,ARW,666,arw,666,arw,3,1,1,666 Purple Inferno,ARW v2.1
levenshtein,666,D23,666,d23,666,d23,3,1,1,666 Purple Inferno,Magic & Mystery
levenshtein,666,DC,666,dc,666,dc,3,1,2,666 Purple Inferno,Dark Knight | Superman
levenshtein,666,Elf,666,elf,666,elf,3,1,1,666 Purple Inferno,Elf
levenshtein,666,Eva,666,eva,666,eva,3,1,11,666 Purple Inferno,Eva Original | Eva Original (signed) | Eva Noire
levenshtein,666,Lux,666,lux,666,lux,3,1,2,666 Purple Inferno,Lux Tarot | Lux Tarot Gilded
levenshtein,666,Neo,666,neo,666,neo,3,1,3,666 Purple Inferno,Neo | Neo Ltd | Neo Wave Ultra Sunset
levenshtein,666,NPH,666,nph,666,nph,3,1,1,666 Purple Inferno,NPH
levenshtein,666,Pi,666,pi,666,pi,3,1,3,666 Purple Inferno,Pi Standard | Plum Pi Standard | Chocolate Pi Standard
levenshtein,666,SNL,666,snl,666,snl,3,1,1,666 Purple Inferno,SNL
levenshtein,666,VHS,666,vhs,666,vhs,3,1,6,666 Purple Inferno,VHS 1982 Standard | VHS 1982 Early Light E. 12 | VHS 1982 Pinewood Derby '86
levenshtein,666,WB,666,wb,666,wb,3,1,1,666 Purple Inferno,WB
levenshtein,Aether,Antler,aether,antler,aether,antler,2,1,3,Aether,Antler Tobacco Brown | Antler Deep Maroon | Antler Black
levenshtein,Aether,Aztec,aether,aztec,aether,aztec,3,1,1,Aether,Aztec Tarot
levenshtein,Aether,Keeper,aether,keeper,aether,keeper,3,1,1,Aether,Keeper Red
levenshtein,Akheton,Aton,akheton,aton,akheton,aton,3,2,2,Akheton Dawn | Akheton Dusk,Aton Ebony | Aton Tamarisk
levenshtein,Alloy,Apollo,alloy,apollo,alloy,apollo,3,3,1,Alloy Copper | Alloy Amethyst | Alloy Copper,Apollo Standard
levenshtein,Alloy,Army,alloy,army,alloy,army,3,3,1,Alloy Copper | Alloy Amethyst | Alloy Copper,Army
levenshtein,Alloy,Aton,alloy,aton,alloy,aton,3,3,2,Alloy Copper | Alloy Amethyst | Alloy Copper,Aton Ebony | Aton Tamarisk
levenshtein,Alloy,Bloc,alloy,bloc,alloy,bloc,3,3,1,Alloy Copper | Alloy Amethyst | Alloy Copper,Bloc Plush Edition
levenshtein,Alloy,Ellen,alloy,ellen,alloy,ellen,3,3,1,Alloy Copper | Alloy Amethyst | Alloy Copper,Ellen
levenshtein,Alloy,Falcon,alloy,falcon,alloy,falcon,3,3,1,Alloy Copper | Alloy Amethyst | Alloy Copper,Falcon Black
levenshtein,Alloy,Kleos,alloy,kleos,alloy,kleos,3,3,2,Alloy Copper | Alloy Amethyst | Alloy Copper,Kleos Eos | Kleos Nyx
levenshtein,Amazons,Archons,amazons,archons,amazons,archons,3,2,2,Amazons Spartans Ephoros | Amazons Spartans Ephebes,Black Archons | White Archons
levenshtein,Amazons,Seasons,amazons,seasons,amazons,seasons,3,2,4,Amazons Spartans Ephoros | Amazons Spartans Ephebes,Seasons Seronda Platinum | Seasons Inverno Platinum | Seasons Primavera Platinum
levenshtein,Anicca,NPCCD,anicca,npccd,anicca,npccd,3,1,25,Anicca Blue,NPCCD 2016 Attendance | NPCCD 2016 Inaguration | NPCCD 2017 Pearl Label Anthracite
levenshtein,Ankh,Army,ankh,army,ankh,army,3,1,1,Ankh Standard,Army
levenshtein,Ankh,ARW,ankh,arw,ankh,arw,3,1,1,Ankh Standard,ARW v2.1
levenshtein,Ankh,Aton,ankh,aton,ankh,aton,3,1,2,Ankh Standard,Aton Ebony | Aton Tamarisk
levenshtein,Ankh,Aves,ankh,aves,ankh,aves,3,1,1,Ankh Standard,Aves
levenshtein,Ankh,Hana,ankh,hana,ankh,hana,3,1,2,Ankh Standard,Hana Gold | Hana Silver
levenshtein,Ankh,Jaqk,ankh,jaqk,ankh,jaqk,3,1,1,Ankh Standard,Jaqk Cellars Rose
levenshtein,Ankh,Manas,ankh,manas,ankh,manas,3,1,7,Ankh Standard,Manas Judgement | Manas Frost | Manas Fracture
levenshtein,Ankh,Neo,ankh,neo,ankh,neo,3,1,3,Ankh Standard,Neo | Neo Ltd | Neo Wave Ultra Sunset
levenshtein,Ankh,NPH,ankh,nph,ankh,nph,2,1,1,Ankh Standard,NPH
levenshtein,Ankh,Onda,ankh,onda,ankh,onda,3,1,14,Ankh Standard,Onda Acquamarine | Onda Acquamarine Copper Gilded | Onda Ultramarine Gold
levenshtein,Ankh,SNL,ankh,snl,ankh,snl,3,1,1,Ankh Standard,SNL
levenshtein,Ankh,Wonka,ankh,wonka,ankh,wonka,3,1,1,Ankh Standard,Wonka
levenshtein,Antler,Aztec,antler,aztec,antler,aztec,3,3,1,Antler Tobacco Brown | Antler Deep Maroon | Antler Black,Aztec Tarot
levenshtein,Arabesque,Grotesque,arabesque,grotesque,arabesque,grotesque,3,2,1,Arabesque Red Players | Arabesque Blue Players,Grotesque Original Edition
levenshtein,Arcana,Arcane,arcana,arcane,arcana,arcane,1,3,4,Arcana Full Tarot Light v2 (one piece tuck) | Arcana Dark Expansion Tarot (with 2 piece box) | Arcana Light Expansion Tarot (with 2 piece box),Arcane Standard | Arcane Standard Prototype | Arcane Signature
levenshtein,Arcana,Archons,arcana,archons,arcana,archons,3,3,2,Arcana Full Tarot Light v2 (one piece tuck) | Arcana Dark Expansion Tarot (with 2 piece box) | Arcana Light Expansion Tarot (with 2 piece box),Black Archons | White Archons
levenshtein,Arcana,Hana,arcana,hana,arcana,hana,3,3,2,Arcana Full Tarot Light v2 (one piece tuck) | Arcana Dark Expansion Tarot (with 2 piece box) | Arcana Light Expansion Tarot (with 2 piece box),Hana Gold | Hana Silver
levenshtein,Arcana,Tucan,arcana,tucan,arcana,tucan,3,3,1,Arcana Full Tarot Light v2 (one piece tuck) | Arcana Dark Expansion Tarot (with 2 piece box) | Arcana Light Expansion Tarot (with 2 piece box),Tucan Cinnamon Back
levenshtein,Arcane,Archons,arcane,archons,arcane,archons,3,4,2,Arcane Standard | Arcane Standard Prototype | Arcane Signature,Black Archons | White Archons
levenshtein,Arcane,Branle,arcane,branle,arcane,branle,3,4,2,Arcane Standard | Arcane Standard Prototype | Arcane Signature,Branle | Branle Royal
levenshtein,Arcane,Tucan,arcane,tucan,arcane,tucan,3,4,1,Arcane Standard | Arcane Standard Prototype | Arcane Signature,Tucan Cinnamon Back
levenshtein,Archons,Icons,archons,icons,archons,icons,3,2,1,Black Archons | White Archons,Icons Anniversary Standard
levenshtein,Archons,Marchen,archons,marchen,archons,marchen,3,2,2,Black Archons | White Archons,Marchen Hemelin | Marchen Schwarzwald
levenshtein,Army,ARW,army,arw,army,arw,2,1,1,Army,ARW v2.1
levenshtein,Army,Aton,army,aton,army,aton,3,1,2,Army,Aton Ebony | Aton Tamarisk
levenshtein,Army,Aves,army,aves,army,aves,3,1,1,Army,Aves
levenshtein,Army,Brut,army,brut,army,brut,3,1,1,Army,Brut
levenshtein,Army,Dram,army,dram,army,dram,3,1,6,Army,Dram Gold | Dram Copper | Dram Gold Private Reserve
levenshtein,Army,Eros,army,eros,army,eros,3,1,1,Army,Eros: The Garden of Love Tarot v3
levenshtein,Army,Faro,army,faro,army,faro,3,1,1,Army,Faro Vintage Reproduction Prototype
levenshtein,Army,Forma,army,forma,army,forma,3,1,1,Army,Forma Purple
levenshtein,Army,Grid,army,grid,army,grid,3,1,1,Army,Grid 2.0
levenshtein,Army,Kami,army,kami,army,kami,3,1,2,Army,Kami Prototype | Kami Heavenly Sakura Prototype
levenshtein,Army,Obey,army,obey,army,obey,3,1,3,Army,Obey Collage | Obey Red | Obey Gold
levenshtein,Army,Rome,army,rome,army,rome,3,1,4,Army,Rome Augustus | Rome Augustus Sleeve | Rome Caesar
levenshtein,Army,Sumi,army,sumi,army,sumi,3,1,7,Army,Sumi Kitsune Myth Maker | Sumi Kitsune Tale Teller | Sumi Artist
levenshtein,Army,Time,army,time,army,time,3,1,5,Army,Time I | Time II | Time III
levenshtein,ARW,Aton,arw,aton,arw,aton,3,1,2,ARW v2.1,Aton Ebony | Aton Tamarisk
levenshtein,ARW,Aves,arw,aves,arw,aves,3,1,1,ARW v2.1,Aves
levenshtein,ARW,Brut,arw,brut,arw,brut,3,1,1,ARW v2.1,Brut
levenshtein,ARW,D23,arw,d23,arw,d23,3,1,1,ARW v2.1,Magic & Mystery
levenshtein,ARW,DC,arw,dc,arw,dc,3,1,2,ARW v2.1,Dark Knight | Superman
levenshtein,ARW,Dram,arw,dram,arw,dram,3,1,6,ARW v2.1,Dram Gold | Dram Copper | Dram Gold Private Reserve
levenshtein,ARW,Elf,arw,elf,arw,elf,3,1,1,ARW v2.1,Elf
levenshtein,ARW,Eros,arw,eros,arw,eros,3,1,1,ARW v2.1,Eros: The Garden of Love Tarot v3
levenshtein,ARW,Eva,arw,eva,arw,eva,3,1,11,ARW v2.1,Eva Original | Eva Original (signed) | Eva Noire
levenshtein,ARW,Faro,arw,faro,arw,faro,2,1,1,ARW v2.1,Faro Vintage Reproduction Prototype
levenshtein,ARW,Gaia,arw,gaia,arw,gaia,3,1,1,ARW v2.1,Gaia
levenshtein,ARW,Grid,arw,grid,arw,grid,3,1,1,ARW v2.1,Grid 2.0
levenshtein,ARW,Hana,arw,hana,arw,hana,3,1,2,ARW v2.1,Hana Gold | Hana Silver
levenshtein,ARW,Jaqk,arw,jaqk,arw,jaqk,3,1,1,ARW v2.1,Jaqk Cellars Rose
levenshtein,ARW,Kami,arw,kami,arw,kami,3,1,2,ARW v2.1,Kami Prototype | Kami Heavenly Sakura Prototype
levenshtein,ARW,Lore,arw,lore,arw,lore,3,1,4,ARW v2.1,Lore Väesen Foil | Lore Midwinter Red | Lore Midsummer Blue
levenshtein,ARW,Lux,arw,lux,arw,lux,3,1,2,ARW v2.1,Lux Tarot | Lux Tarot Gilded
levenshtein,ARW,Made,arw,made,arw,made,3,1,2,ARW v2.1,Made Gold | Made Silver
levenshtein,ARW,Neo,arw,neo,arw,neo,3,1,3,ARW v2.1,Neo | Neo Ltd | Neo Wave Ultra Sunset
levenshtein,ARW,NPH,arw,nph,arw,nph,3,1,1,ARW v2.1,NPH
levenshtein,ARW,Pi,arw,pi,arw,pi,3,1,3,ARW v2.1,Pi Standard | Plum Pi Standard | Chocolate Pi Standard
levenshtein,ARW,Ravn,arw,ravn,arw,ravn,3,1,17,ARW v2.1,Ravn Crimson Red Mini | Ravn Purple Haze Mini | Ravn X Mini
levenshtein,ARW,Saga,arw,saga,arw,saga,3,1,3,ARW v2.1,Saga Conquerors | Saga Raiders | Saga Seafarers
levenshtein,ARW,SNL,arw,snl,arw,snl,3,1,1,ARW v2.1,SNL
levenshtein,ARW,Surf,arw,surf,arw,surf,3,1,2,ARW v2.1,Surf | Surf v2 Sunset
levenshtein,ARW,VHS,arw,vhs,arw,vhs,3,1,6,ARW v2.1,VHS 1982 Standard | VHS 1982 Early Light E. 12 | VHS 1982 Pinewood Derby '86
levenshtein,ARW,WB,arw,wb,arw,wb,3,1,1,ARW v2.1,WB
levenshtein,Asgard,Aviary,asgard,aviary,asgard,aviary,3,2,3,Asgard: Thor Edition | Asgard: Odin Edition,Aviary Orange | Aviary Black | Aviary Tan
levenshtein,Asgard,Midgard,asgard,midgard,asgard,midgard,3,2,2,Asgard: Thor Edition | Asgard: Odin Edition,Midgard Danegeld | Midgard Yggdrasil
levenshtein,Asgard,Oscars,asgard,oscars,asgard,oscars,3,2,1,Asgard: Thor Edition | Asgard: Odin Edition,Oscars
levenshtein,Aton,Aves,aton,aves,aton,aves,3,2,1,Aton Ebony | Aton Tamarisk,Aves
levenshtein,Aton,Aztec,aton,aztec,aton,aztec,3,2,1,Aton Ebony | Aton Tamarisk,Aztec Tarot
levenshtein,Aton,Bloc,aton,bloc,aton,bloc,3,2,1,Aton Ebony | Aton Tamarisk,Bloc Plush Edition
levenshtein,Aton,Dragon,aton,dragon,aton,dragon,3,2,2,Aton Ebony | Aton Tamarisk,Dragon Blue | Dragon Green
levenshtein,Aton,Eros,aton,eros,aton,eros,3,2,1,Aton Ebony | Aton Tamarisk,Eros: The Garden of Love Tarot v3
levenshtein,Aton,Falcon,aton,falcon,aton,falcon,3,2,1,Aton Ebony | Aton Tamarisk,Falcon Black
levenshtein,Aton,Faro,aton,faro,aton,faro,3,2,1,Aton Ebony | Aton Tamarisk,Faro Vintage Reproduction Prototype
levenshtein,Aton,Goos,aton,goos,aton,goos,3,2,1,Aton Ebony | Aton Tamarisk,2020 Vision (Goos)
levenshtein,Aton,Icons,aton,icons,aton,icons,3,2,1,Aton Ebony | Aton Tamarisk,Icons Anniversary Standard
levenshtein,Aton,Moon,aton,moon,aton,moon,2,2,1,Aton Ebony | Aton Tamarisk,Moon
levenshtein,Aton,Neo,aton,neo,aton,neo,3,2,3,Aton Ebony | Aton Tamarisk,Neo | Neo Ltd | Neo Wave Ultra Sunset
levenshtein,Aton,Pagan,aton,pagan,aton,pagan,3,2,11,Aton Ebony | Aton Tamarisk,Pagan Blue Gold Gilded | Pagan Otherworlds Gold Gilded | Pagan Dark
levenshtein,Aton,Patrons,aton,patrons,aton,patrons,3,2,2,Aton Ebony | Aton Tamarisk,Patrons Test Print | Patrons White
levenshtein,Aton,Ravn,aton,ravn,aton,ravn,3,2,17,Aton Ebony | Aton Tamarisk,Ravn Crimson Red Mini | Ravn Purple Haze Mini | Ravn X Mini
levenshtein,Aton,Union,aton,union,aton,union,3,2,1,Aton Ebony | Aton Tamarisk,Union
levenshtein,Aves,Aztec,aves,aztec,aves,aztec,3,1,1,Aves,Aztec Tarot
levenshtein,Aves,Bees,aves,bees,aves,bees,2,1,2,Aves,Super Bees v2 | Killer Bees
levenshtein,Aves,Bones,aves,bones,aves,bones,3,1,1,Aves,Bones Dust
levenshtein,Aves,Carvers,aves,carvers,aves,carvers,3,1,1,Aves,Carvers
levenshtein,Aves,Eames,aves,eames,aves,eames,2,1,1,Aves,Eames Starburst Black
levenshtein,Aves,Elves,aves,elves,aves,elves,2,1,5,Aves,Elves Forest | Elves Mire Gold Gilded | Elves Galad Green Gilded
levenshtein,Aves,Eros,aves,eros,aves,eros,3,1,1,Aves,Eros: The Garden of Love Tarot v3
levenshtein,Aves,Eva,aves,eva,aves,eva,3,1,11,Aves,Eva Original | Eva Original (signed) | Eva Noire
levenshtein,Aves,Fibs,aves,fibs,aves,fibs,3,1,2,Aves,Fibs White Sample Edition | Fibs Black Sample Edition
levenshtein,Aves,Goos,aves,goos,aves,goos,3,1,1,Aves,2020 Vision (Goos)
levenshtein,Aves,Kleos,aves,kleos,aves,kleos,3,1,2,Aves,Kleos Eos | Kleos Nyx
levenshtein,Aves,Less,aves,less,aves,less,3,1,2,Aves,Less Silver | Less Gold
levenshtein,Aves,Made,aves,made,aves,made,3,1,2,Aves,Made Gold | Made Silver
levenshtein,Aves,Makers,aves,makers,aves,makers,3,1,4,Aves,Makers Private Reserve | Makers Private Reserve Gilded | Makers Blacksmith Edition
levenshtein,Aves,Manas,aves,manas,aves,manas,3,1,7,Aves,Manas Judgement | Manas Frost | Manas Fracture
levenshtein,Aves,Marvel,aves,marvel,aves,marvel,3,1,3,Aves,Black Panther | Guardians of the Galaxy | Spider Man
levenshtein,Aves,Neo,aves,neo,aves,neo,3,1,3,Aves,Neo | Neo Ltd | Neo Wave Ultra Sunset
levenshtein,Aves,Noel,aves,noel,aves,noel,3,1,1,Aves,Noel Limited
levenshtein,Aves,Obey,aves,obey,aves,obey,3,1,3,Aves,Obey Collage | Obey Red | Obey Gold
levenshtein,Aves,Ravn,aves,ravn,aves,ravn,3,1,17,Aves,Ravn Crimson Red Mini | Ravn Purple Haze Mini | Ravn X Mini
levenshtein,Aves,Sins,aves,sins,aves,sins,3,1,12,Aves,Sins Legacy Corpus | Sins Legacy Mentis | Sins Black Anima
levenshtein,Aves,Tales,aves,tales,aves,tales,2,1,6,Aves,Nefarious Tales | Heroic Tales | Arcane Tales
levenshtein,Aves,Theos,aves,theos,aves,theos,3,1,4,Aves,Theos Green | Theos Purple | Theos Limited Green
levenshtein,Aves,VHS,aves,vhs,aves,vhs,2,1,6,Aves,VHS 1982 Standard | VHS 1982 Early Light E. 12 | VHS 1982 Pinewood Derby '86
levenshtein,Aves,Zeus,aves,zeus,aves,zeus,3,1,2,Aves,Zeus Mighty Gold | Zeus Sterling Silver
levenshtein,Balance,Branle,balance,branle,balance,branle,3,1,2,Balance,Branle | Branle Royal
levenshtein,Balance,Silence,balance,silence,balance,silence,3,1,1,Balance,Silence
levenshtein,Balance,Wallace,balance,wallace,balance,wallace,3,1,2,Balance,Wallace Alba | Wallace Caledonia
levenshtein,Beatles,Bees,beatles,bees,beatles,bees,3,5,2,Yellow Submarine | The Beatles Blue | The Beatles Pink,Super Bees v2 | Killer Bees
levenshtein,Beatles,Branle,beatles,branle,beatles,branle,3,5,2,Yellow Submarine | The Beatles Blue | The Beatles Pink,Branle | Branle Royal
levenshtein,Beatles,Eames,beatles,eames,beatles,eames,3,5,1,Yellow Submarine | The Beatles Blue | The Beatles Pink,Eames Starburst Black
levenshtein,Beatles,Heartless,beatles,heartless,beatles,heartless,3,5,4,Yellow Submarine | The Beatles Blue | The Beatles Pink,Heartless Abyss | Heartless Nether | Heartless Gehenna
levenshtein,Beatles,Tales,beatles,tales,beatles,tales,3,5,6,Yellow Submarine | The Beatles Blue | The Beatles Pink,Nefarious Tales | Heroic Tales | Arcane Tales
levenshtein,Bees,Bloc,bees,bloc,bees,bloc,3,2,1,Super Bees v2 | Killer Bees,Bloc Plush Edition
levenshtein,Bees,Bold,bees,bold,bees,bold,3,2,2,Super Bees v2 | Killer Bees,Bold Deluxe | Bold Standard
levenshtein,Bees,Bones,bees,bones,bees,bones,2,2,1,Super Bees v2 | Killer Bees,Bones Dust
levenshtein,Bees,Brut,bees,brut,bees,brut,3,2,1,Super Bees v2 | Killer Bees,Brut
levenshtein,Bees,Dense,bees,dense,bees,dense,3,2,1,Super Bees v2 | Killer Bees,Dense v2 Blue/Green Laser Gilded
levenshtein,Bees,Eames,bees,eames,bees,eames,3,2,1,Super Bees v2 | Killer Bees,Eames Starburst Black
levenshtein,Bees,Elf,bees,elf,bees,elf,3,2,1,Super Bees v2 | Killer Bees,Elf
levenshtein,Bees,Elves,bees,elves,bees,elves,3,2,5,Super Bees v2 | Killer Bees,Elves Forest | Elves Mire Gold Gilded | Elves Galad Green Gilded
levenshtein,Bees,Eros,bees,eros,bees,eros,3,2,1,Super Bees v2 | Killer Bees,Eros: The Garden of Love Tarot v3
levenshtein,Bees,Eva,bees,eva,bees,eva,3,2,11,Super Bees v2 | Killer Bees,Eva Original | Eva Original (signed) | Eva Noire
levenshtein,Bees,Fibs,bees,fibs,bees,fibs,3,2,2,Super Bees v2 | Killer Bees,Fibs White Sample Edition | Fibs Black Sample Edition
levenshtein,Bees,Goos,bees,goos,bees,goos,3,2,1,Super Bees v2 | Killer Bees,2020 Vision (Goos)
levenshtein,Bees,Hermes,bees,hermes,bees,hermes,3,2,2,Super Bees v2 | Killer Bees,Les 4 Mondes | Cassandre for Hermes
levenshtein,Bees,Kleos,bees,kleos,bees,kleos,3,2,2,Super Bees v2 | Killer Bees,Kleos Eos | Kleos Nyx
levenshtein,Bees,Lego,bees,lego,bees,lego,3,2,3,Super Bees v2 | Killer Bees,Lego Brick Warm Colors | Lego Brick Cool Colors | Lego Botanical
levenshtein,Bees,Less,bees,less,bees,less,2,2,2,Super Bees v2 | Killer Bees,Less Silver | Less Gold
levenshtein,Bees,Neo,bees,neo,bees,neo,3,2,3,Super Bees v2 | Killer Bees,Neo | Neo Ltd | Neo Wave Ultra Sunset
levenshtein,Bees,Noel,bees,noel,bees,noel,3,2,1,Super Bees v2 | Killer Bees,Noel Limited
levenshtein,Bees,Obey,bees,obey,bees,obey,3,2,3,Super Bees v2 | Killer Bees,Obey Collage | Obey Red | Obey Gold
levenshtein,Bees,Peak,bees,peak,bees,peak,3,2,1,Super Bees v2 | Killer Bees,Peak Mountain
levenshtein,Bees,Sensu,bees,sensu,bees,sensu,3,2,4,Super Bees v2 | Killer Bees,Sensu Mankai-No-Sensu (Full Blossom Fan) | Sensu Haru-No-Sensu (Spring's Fan) | Sensu Fuyu-No-Sensu (Winter's Fan)
levenshtein,Bees,Sins,bees,sins,bees,sins,3,2,12,Super Bees v2 | Killer Bees,Sins Legacy Corpus | Sins Legacy Mentis | Sins Black Anima
levenshtein,Bees,Tales,bees,tales,bees,tales,3,2,6,Super Bees v2 | Killer Bees,Nefarious Tales | Heroic Tales | Arcane Tales
levenshtein,Bees,Texas,bees,texas,bees,texas,3,2,2,Super Bees v2 | Killer Bees,Texas Player's Edition | Texas Premium Edition
levenshtein,Bees,Theos,bees,theos,bees,theos,3,2,4,Super Bees v2 | Killer Bees,Theos Green | Theos Purple | Theos Limited Green
levenshtein,Bees,VHS,bees,vhs,bees,vhs,3,2,6,Super Bees v2 | Killer Bees,VHS 1982 Standard | VHS 1982 Early Light E. 12 | VHS 1982 Pinewood Derby '86
levenshtein,Bees,Zeus,bees,zeus,bees,zeus,2,2,2,Super Bees v2 | Killer Bees,Zeus Mighty Gold | Zeus Sterling Silver
levenshtein,Bloc,Bold,bloc,bold,bloc,bold,3,1,2,Bloc Plush Edition,Bold Deluxe | Bold Standard
levenshtein,Bloc,Bosch,bloc,bosch,bloc,bosch,3,1,1,Bloc Plush Edition,Bosch
levenshtein,Bloc,Brut,bloc,brut,bloc,brut,3,1,1,Bloc Plush Edition,Brut
levenshtein,Bloc,DC,bloc,dc,bloc,dc,3,1,2,Bloc Plush Edition,Dark Knight | Superman
levenshtein,Bloc,Elf,bloc,elf,bloc,elf,3,1,1,Bloc Plush Edition,Elf
levenshtein,Bloc,Eros,bloc,eros,bloc,eros,3,1,1,Bloc Plush Edition,Eros: The Garden of Love Tarot v3
levenshtein,Bloc,Flora,bloc,flora,bloc,flora,3,1,1,Bloc Plush Edition,Red Flora
levenshtein,Bloc,Glico,bloc,glico,bloc,glico,3,1,2,Bloc Plush Edition,Glico Almond Chocolate | Glico Giant Ice Cream
levenshtein,Bloc,Goos,bloc,goos,bloc,goos,3,1,1,Bloc Plush Edition,2020 Vision (Goos)
levenshtein,Bloc,Kleos,bloc,kleos,bloc,kleos,3,1,2,Bloc Plush Edition,Kleos Eos | Kleos Nyx
levenshtein,Bloc,Lore,bloc,lore,bloc,lore,3,1,4,Bloc Plush Edition,Lore Väesen Foil | Lore Midwinter Red | Lore Midsummer Blue
levenshtein,Bloc,Lux,bloc,lux,bloc,lux,3,1,2,Bloc Plush Edition,Lux Tarot | Lux Tarot Gilded
levenshtein,Bloc,Moon,bloc,moon,bloc,moon,3,1,1,Bloc Plush Edition,Moon
levenshtein,Bloc,Neo,bloc,neo,bloc,neo,3,1,3,Bloc Plush Edition,Neo | Neo Ltd | Neo Wave Ultra Sunset
levenshtein,Bold,Bones,bold,bones,bold,bones,3,2,1,Bold Deluxe | Bold Standard,Bones Dust
levenshtein,Bold,Bosch,bold,bosch,bold,bosch,3,2,1,Bold Deluxe | Bold Standard,Bosch
levenshtein,Bold,Brut,bold,brut,bold,brut,3,2,1,Bold Deluxe | Bold Standard,Brut
levenshtein,Bold,Cult,bold,cult,bold,cult,3,2,8,Bold Deluxe | Bold Standard,Cult: Air (Silver Seal) | Cult: Air (Blue Seal - Inner Circle) | Cult: Earth (Green Seal)
levenshtein,Bold,Elf,bold,elf,bold,elf,3,2,1,Bold Deluxe | Bold Standard,Elf
levenshtein,Bold,Goos,bold,goos,bold,goos,3,2,1,Bold Deluxe | Bold Standard,2020 Vision (Goos)
levenshtein,Bold,Grid,bold,grid,bold,grid,3,2,1,Bold Deluxe | Bold Standard,Grid 2.0
levenshtein,Bold,Lore,bold,lore,bold,lore,3,2,4,Bold Deluxe | Bold Standard,Lore Väesen Foil | Lore Midwinter Red | Lore Midsummer Blue
levenshtein,Bold,Moon,bold,moon,bold,moon,3,2,1,Bold Deluxe | Bold Standard,Moon
levenshtein,Bold,Noel,bold,noel,bold,noel,3,2,1,Bold Deluxe | Bold Standard,Noel Limited
levenshtein,Bold,NoMad,bold,nomad,bold,nomad,3,2,1,Bold Deluxe | Bold Standard,NoMad
levenshtein,Bold,Onda,bold,onda,bold,onda,3,2,14,Bold Deluxe | Bold Standard,Onda Acquamarine | Onda Acquamarine Copper Gilded | Onda Ultramarine Gold
levenshtein,Bold,Rome,bold,rome,bold,rome,3,2,4,Bold Deluxe | Bold Standard,Rome Augustus | Rome Augustus Sleeve | Rome Caesar
levenshtein,Bold,Silk,bold,silk,bold,silk,3,2,6,Bold Deluxe | Bold Standard,Silk Blue | Silk Red | Royal Silk Test Print
levenshtein,Bold,SNL,bold,snl,bold,snl,3,2,1,Bold Deluxe | Bold Standard,SNL
levenshtein,Bones,Bosch,bones,bosch,bones,bosch,3,1,1,Bones Dust,Bosch
levenshtein,Bones,Eames,bones,eames,bones,eames,3,1,1,Bones Dust,Eames Starburst Black
levenshtein,Bones,Elves,bones,elves,bones,elves,3,1,5,Bones Dust,Elves Forest | Elves Mire Gold Gilded | Elves Galad Green Gilded
levenshtein,Bones,Goonies,bones,goonies,bones,goonies,3,1,1,Bones Dust,Goonies Limited Edition
levenshtein,Bones,Goos,bones,goos,bones,goos,3,1,1,Bones Dust,2020 Vision (Goos)
levenshtein,Bones,Icons,bones,icons,bones,icons,3,1,1,Bones Dust,Icons Anniversary Standard
levenshtein,Bones,Lore,bones,lore,bones,lore,3,1,4,Bones Dust,Lore Väesen Foil | Lore Midwinter Red | Lore Midsummer Blue
levenshtein,Bones,Manas,bones,manas,bones,manas,3,1,7,Bones Dust,Manas Judgement | Manas Frost | Manas Fracture
levenshtein,Bones,Neo,bones,neo,bones,neo,3,1,3,Bones Dust,Neo | Neo Ltd | Neo Wave Ultra Sunset
levenshtein,Bones,Noel,bones,noel,bones,noel,3,1,1,Bones Dust,Noel Limited
levenshtein,Bones,Obey,bones,obey,bones,obey,3,1,3,Bones Dust,Obey Collage | Obey Red | Obey Gold
levenshtein,Bones,Onda,bones,onda,bones,onda,3,1,14,Bones Dust,Onda Acquamarine | Onda Acquamarine Copper Gilded | Onda Ultramarine Gold
levenshtein,Bones,Rome,bones,rome,bones,rome,3,1,4,Bones Dust,Rome Augustus | Rome Augustus Sleeve | Rome Caesar
levenshtein,Bones,Sins,bones,sins,bones,sins,3,1,12,Bones Dust,Sins Legacy Corpus | Sins Legacy Mentis | Sins Black Anima
levenshtein,Bones,Tales,bones,tales,bones,tales,3,1,6,Bones Dust,Nefarious Tales | Heroic Tales | Arcane Tales
levenshtein,Bones,Wonder,bones,wonder,bones,wonder,3,1,4,Bones Dust,Royal Wonder Mini Gilded | Wonder Scarlet Standard | Wonder Royal Edition
levenshtein,Bones,Wonka,bones,wonka,bones,wonka,3,1,1,Bones Dust,Wonka
levenshtein,Botanica,Gothica,botanica,gothica,botanica,gothica,3,4,4,Botanica | Verdana | Botanica Special Edition,Gothica II: Dracula Shadow | Gothica II: Dracula Blood | Gothica Immortal
levenshtein,Botanica,Titanic,botanica,titanic,botanica,titanic,3,4,2,Botanica | Verdana | Botanica Special Edition,Titanic Death Third Class | Titanic Tarot
levenshtein,Branle,Oracle,branle,oracle,branle,oracle,2,2,3,Branle | Branle Royal,Oracle Shadow | Oracle | Oracle v2
levenshtein,Brut,Crypt,brut,crypt,brut,crypt,3,1,1,Brut,Crypt
levenshtein,Brut,Cult,brut,cult,brut,cult,3,1,8,Brut,Cult: Air (Silver Seal) | Cult: Air (Blue Seal - Inner Circle) | Cult: Earth (Green Seal)
levenshtein,Brut,Dram,brut,dram,brut,dram,3,1,6,Brut,Dram Gold | Dram Copper | Dram Gold Private Reserve
levenshtein,Brut,Eros,brut,eros,brut,eros,3,1,1,Brut,Eros: The Garden of Love Tarot v3
levenshtein,Brut,Grid,brut,grid,brut,grid,3,1,1,Brut,Grid 2.0
levenshtein,Brut,Lux,brut,lux,brut,lux,3,1,2,Brut,Lux Tarot | Lux Tarot Gilded
levenshtein,Brut,Mint,brut,mint,brut,mint,3,1,2,Brut,Mint v2 Cucumber | Mint v2 Blueberry Mint
levenshtein,Brut,Naruto,brut,naruto,brut,naruto,3,1,1,Brut,Naruto Shippuden
levenshtein,Brut,Orbit,brut,orbit,brut,orbit,3,1,2,Brut,Orbit 5th Edition | Orbit 6th Edition
levenshtein,Brut,Zeus,brut,zeus,brut,zeus,3,1,2,Brut,Zeus Mighty Gold | Zeus Sterling Silver
levenshtein,Caesar,Maestro,caesar,maestro,caesar,maestro,3,2,1,Caesar Blue | Caesar Green,Maestro III
levenshtein,Calaveras,Carvers,calaveras,carvers,calaveras,carvers,3,3,1,Calaveras Bicycle | Calaveras v2 | Calaveras Midnight,Carvers
levenshtein,Carvers,Chancers,carvers,chancers,carvers,chancers,3,1,2,Carvers,Chancers Good Pals Black | Chancers Good Pals v3 Green Prototype
levenshtein,Carvers,Charmers,carvers,charmers,carvers,charmers,2,1,2,Carvers,Charmers Green | Charmers Purple
levenshtein,Carvers,Makers,carvers,makers,carvers,makers,3,1,4,Carvers,Makers Private Reserve | Makers Private Reserve Gilded | Makers Blacksmith Edition
levenshtein,Carvers,Marvel,carvers,marvel,carvers,marvel,3,1,3,Carvers,Black Panther | Guardians of the Galaxy | Spider Man
levenshtein,Carvers,Masters,carvers,masters,carvers,masters,3,1,1,Carvers,Masters Legacy Edition
levenshtein,Chancers,Charmers,chancers,charmers,chancers,charmers,2,2,2,Chancers Good Pals Black | Chancers Good Pals v3 Green Prototype,Charmers Green | Charmers Purple
levenshtein,Chaos,Chronos,chaos,chronos,chaos,chronos,3,19,1,Minichaos Eos | Minichaos Nyx | Chaos Maelström,Chronos Player's Edition Carmina
levenshtein,Chaos,Cross,chaos,cross,chaos,cross,3,19,3,Minichaos Eos | Minichaos Nyx | Chaos Maelström,Cross Maroon Martyrs | Cross Admiral Angels | Cross Golden Grace
levenshtein,Chaos,Eros,chaos,eros,chaos,eros,3,19,1,Minichaos Eos | Minichaos Nyx | Chaos Maelström,Eros: The Garden of Love Tarot v3
levenshtein,Chaos,Goos,chaos,goos,chaos,goos,3,19,1,Minichaos Eos | Minichaos Nyx | Chaos Maelström,2020 Vision (Goos)
levenshtein,Chaos,Hana,chaos,hana,chaos,hana,3,19,2,Minichaos Eos | Minichaos Nyx | Chaos Maelström,Hana Gold | Hana Silver
levenshtein,Chaos,Kleos,chaos,kleos,chaos,kleos,3,19,2,Minichaos Eos | Minichaos Nyx | Chaos Maelström,Kleos Eos | Kleos Nyx
levenshtein,Chaos,Sharps,chaos,sharps,chaos,sharps,3,19,1,Minichaos Eos | Minichaos Nyx | Chaos Maelström,Sharps Private Reserve Green
levenshtein,Chaos,Theos,chaos,theos,chaos,theos,2,19,4,Minichaos Eos | Minichaos Nyx | Chaos Maelström,Theos Green | Theos Purple | Theos Limited Green
levenshtein,Chaos,VHS,chaos,vhs,chaos,vhs,3,19,6,Minichaos Eos | Minichaos Nyx | Chaos Maelström,VHS 1982 Standard | VHS 1982 Early Light E. 12 | VHS 1982 Pinewood Derby '86
levenshtein,Charmers,Hermes,charmers,hermes,charmers,hermes,3,2,2,Charmers Green | Charmers Purple,Les 4 Mondes | Cassandre for Hermes
levenshtein,Chronos,Cross,chronos,cross,chronos,cross,3,1,3,Chronos Player's Edition Carmina,Cross Maroon Martyrs | Cross Admiral Angels | Cross Golden Grace
levenshtein,Circuit,Circus,circuit,circus,circuit,circus,2,4,6,Circuit Rainbow White | Circuit Ice Blue | Circuit Neon Green,Circus Deluxa Celebration | Circus Deluxa | Circus Black Mosquito
levenshtein,Circus,Cross,circus,cross,circus,cross,3,6,3,Circus Deluxa Celebration | Circus Deluxa | Circus Black Mosquito,Cross Maroon Martyrs | Cross Admiral Angels | Cross Golden Grace
levenshtein,Circus,Varius,circus,varius,circus,varius,3,6,3,Circus Deluxa Celebration | Circus Deluxa | Circus Black Mosquito,Varius Classic | Varius Teal Limited | Varius Purple Limited
levenshtein,Classic,Thalassic,classic,thalassic,classic,thalassic,3,6,2,Uusi Classic Red Gold Gilded | Uusi Classic Blue Gold Gilded | Uusi Classic Red,Thalassic The Blue Lagoon | Thalassic The Green Galleon
levenshtein,Cobra,Flora,cobra,flora,cobra,flora,3,1,1,Cobra Black,Red Flora
levenshtein,Cobra,Forma,cobra,forma,cobra,forma,3,1,1,Cobra Black,Forma Purple
levenshtein,Cobra,Lore,cobra,lore,cobra,lore,3,1,4,Cobra Black,Lore Väesen Foil | Lore Midwinter Red | Lore Midsummer Blue
levenshtein,Cobra,Obey,cobra,obey,cobra,obey,3,1,3,Cobra Black,Obey Collage | Obey Red | Obey Gold
levenshtein,Cobra,Onda,cobra,onda,cobra,onda,3,1,14,Cobra Black,Onda Acquamarine | Onda Acquamarine Copper Gilded | Onda Ultramarine Gold
levenshtein,Cobra,Supra,cobra,supra,cobra,supra,3,1,1,Cobra Black,Supra Oracle
levenshtein,Cobra,Umbra,cobra,umbra,cobra,umbra,2,1,4,Cobra Black,Umbra Slate | Umbra Merlot | Umbra Noir
levenshtein,Cobra,Wonka,cobra,wonka,cobra,wonka,3,1,1,Cobra Black,Wonka
levenshtein,Cross,Crypt,cross,crypt,cross,crypt,3,3,1,Cross Maroon Martyrs | Cross Admiral Angels | Cross Golden Grace,Crypt
levenshtein,Cross,Eros,cross,eros,cross,eros,2,3,1,Cross Maroon Martyrs | Cross Admiral Angels | Cross Golden Grace,Eros: The Garden of Love Tarot v3
levenshtein,Cross,Goos,cross,goos,cross,goos,3,3,1,Cross Maroon Martyrs | Cross Admiral Angels | Cross Golden Grace,2020 Vision (Goos)
levenshtein,Cross,Icons,cross,icons,cross,icons,3,3,1,Cross Maroon Martyrs | Cross Admiral Angels | Cross Golden Grace,Icons Anniversary Standard
levenshtein,Cross,Less,cross,less,cross,less,3,3,2,Cross Maroon Martyrs | Cross Admiral Angels | Cross Golden Grace,Less Silver | Less Gold
levenshtein,Cross,Rome,cross,rome,cross,rome,3,3,4,Cross Maroon Martyrs | Cross Admiral Angels | Cross Golden Grace,Rome Augustus | Rome Augustus Sleeve | Rome Caesar
levenshtein,Cross,Trics,cross,trics,cross,trics,3,3,1,Cross Maroon Martyrs | Cross Admiral Angels | Cross Golden Grace,Trics V2 Premium
levenshtein,Crypt,Cult,crypt,cult,crypt,cult,3,1,8,Crypt,Cult: Air (Silver Seal) | Cult: Air (Blue Seal - Inner Circle) | Cult: Earth (Green Seal)
levenshtein,Crypt,Orbit,crypt,orbit,crypt,orbit,3,1,2,Crypt,Orbit 5th Edition | Orbit 6th Edition
levenshtein,Culminus,Dominus,culminus,dominus,culminus,dominus,3,4,4,Culminus Infernum | Culminus Infiniti | Culminus Immortalis Celestia,Dominus Obscura | Dominus Divinus | Dominus Obscura v2
levenshtein,Cult,Elf,cult,elf,cult,elf,3,8,1,Cult: Air (Silver Seal) | Cult: Air (Blue Seal - Inner Circle) | Cult: Earth (Green Seal),Elf
levenshtein,Cult,Lux,cult,lux,cult,lux,3,8,2,Cult: Air (Silver Seal) | Cult: Air (Blue Seal - Inner Circle) | Cult: Earth (Green Seal),Lux Tarot | Lux Tarot Gilded
levenshtein,Cult,Luxx,cult,luxx,cult,luxx,3,8,1,Cult: Air (Silver Seal) | Cult: Air (Blue Seal - Inner Circle) | Cult: Earth (Green Seal),Luxx Redux
levenshtein,Cult,Mint,cult,mint,cult,mint,3,8,2,Cult: Air (Silver Seal) | Cult: Air (Blue Seal - Inner Circle) | Cult: Earth (Green Seal),Mint v2 Cucumber | Mint v2 Blueberry Mint
levenshtein,Cult,Oculus,cult,oculus,cult,oculus,3,8,1,Cult: Air (Silver Seal) | Cult: Air (Blue Seal - Inner Circle) | Cult: Earth (Green Seal),Oculus
levenshtein,Cult,Silk,cult,silk,cult,silk,3,8,6,Cult: Air (Silver Seal) | Cult: Air (Blue Seal - Inner Circle) | Cult: Earth (Green Seal),Silk Blue | Silk Red | Royal Silk Test Print
levenshtein,Cult,SNL,cult,snl,cult,snl,3,8,1,Cult: Air (Silver Seal) | Cult: Air (Blue Seal - Inner Circle) | Cult: Earth (Green Seal),SNL
levenshtein,Cult,Sultan,cult,sultan,cult,sultan,3,8,2,Cult: Air (Silver Seal) | Cult: Air (Blue Seal - Inner Circle) | Cult: Earth (Green Seal),Sultan Republic | Sultan Republic Treasury
levenshtein,Cult,Sumi,cult,sumi,cult,sumi,3,8,7,Cult: Air (Silver Seal) | Cult: Air (Blue Seal - Inner Circle) | Cult: Earth (Green Seal),Sumi Kitsune Myth Maker | Sumi Kitsune Tale Teller | Sumi Artist
levenshtein,Cult,Surf,cult,surf,cult,surf,3,8,2,Cult: Air (Silver Seal) | Cult: Air (Blue Seal - Inner Circle) | Cult: Earth (Green Seal),Surf | Surf v2 Sunset
levenshtein,Cult,Tulip,cult,tulip,cult,tulip,3,8,3,Cult: Air (Silver Seal) | Cult: Air (Blue Seal - Inner Circle) | Cult: Earth (Green Seal),Tulip Amsterdam Light | Tulip Holland | Tulip Amsterdam Dark
levenshtein,D23,DC,d23,dc,d23,dc,2,1,2,Magic & Mystery,Dark Knight | Superman
levenshtein,D23,Diva,d23,diva,d23,diva,3,1,1,Magic & Mystery,Diva French Edition
levenshtein,D23,Dram,d23,dram,d23,dram,3,1,6,Magic & Mystery,Dram Gold | Dram Copper | Dram Gold Private Reserve
levenshtein,D23,Elf,d23,elf,d23,elf,3,1,1,Magic & Mystery,Elf
levenshtein,D23,Eva,d23,eva,d23,eva,3,1,11,Magic & Mystery,Eva Original | Eva Original (signed) | Eva Noire
levenshtein,D23,Lux,d23,lux,d23,lux,3,1,2,Magic & Mystery,Lux Tarot | Lux Tarot Gilded
levenshtein,D23,Neo,d23,neo,d23,neo,3,1,3,Magic & Mystery,Neo | Neo Ltd | Neo Wave Ultra Sunset
levenshtein,D23,NPH,d23,nph,d23,nph,3,1,1,Magic & Mystery,NPH
levenshtein,D23,Pi,d23,pi,d23,pi,3,1,3,Magic & Mystery,Pi Standard | Plum Pi Standard | Chocolate Pi Standard
levenshtein,D23,SNL,d23,snl,d23,snl,3,1,1,Magic & Mystery,SNL
levenshtein,D23,VHS,d23,vhs,d23,vhs,3,1,6,Magic & Mystery,VHS 1982 Standard | VHS 1982 Early Light E. 12 | VHS 1982 Pinewood Derby '86
levenshtein,D23,WB,d23,wb,d23,wb,3,1,1,Magic & Mystery,WB
levenshtein,Damask,Eames,damask,eames,damask,eames,3,1,1,Damask,Eames Starburst Black
levenshtein,Damask,Manas,damask,manas,damask,manas,3,1,7,Damask,Manas Judgement | Manas Frost | Manas Fracture
levenshtein,DC,Diva,dc,diva,dc,diva,3,2,1,Dark Knight | Superman,Diva French Edition
levenshtein,DC,Dram,dc,dram,dc,dram,3,2,6,Dark Knight | Superman,Dram Gold | Dram Copper | Dram Gold Private Reserve
levenshtein,DC,Elf,dc,elf,dc,elf,3,2,1,Dark Knight | Superman,Elf
levenshtein,DC,Eva,dc,eva,dc,eva,3,2,11,Dark Knight | Superman,Eva Original | Eva Original (signed) | Eva Noire
levenshtein,DC,Lux,dc,lux,dc,lux,3,2,2,Dark Knight | Superman,Lux Tarot | Lux Tarot Gilded
levenshtein,DC,Made,dc,made,dc,made,3,2,2,Dark Knight | Superman,Made Gold | Made Silver
levenshtein,DC,Neo,dc,neo,dc,neo,3,2,3,Dark Knight | Superman,Neo | Neo Ltd | Neo Wave Ultra Sunset
levenshtein,DC,NPH,dc,nph,dc,nph,3,2,1,Dark Knight | Superman,NPH
levenshtein,DC,Onda,dc,onda,dc,onda,3,2,14,Dark Knight | Superman,Onda Acquamarine | Onda Acquamarine Copper Gilded | Onda Ultramarine Gold
levenshtein,DC,Pi,dc,pi,dc,pi,2,2,3,Dark Knight | Superman,Pi Standard | Plum Pi Standard | Chocolate Pi Standard
levenshtein,DC,SNL,dc,snl,dc,snl,3,2,1,Dark Knight | Superman,SNL
levenshtein,DC,VHS,dc,vhs,dc,vhs,3,2,6,Dark Knight | Superman,VHS 1982 Standard | VHS 1982 Early Light E. 12 | VHS 1982 Pinewood Derby '86
levenshtein,DC,WB,dc,wb,dc,wb,2,2,1,Dark Knight | Superman,WB
levenshtein,Deluxe,Dense,deluxe,dense,deluxe,dense,3,1,1,Deluxe Diamond Edition Gilded,Dense v2 Blue/Green Laser Gilded
levenshtein,Deluxe,Lux,deluxe,lux,deluxe,lux,3,1,2,Deluxe Diamond Edition Gilded,Lux Tarot | Lux Tarot Gilded
levenshtein,Deluxe,Luxx,deluxe,luxx,deluxe,luxx,3,1,1,Deluxe Diamond Edition Gilded,Luxx Redux
levenshtein,Dense,Less,dense,less,dense,less,3,1,2,Dense v2 Blue/Green Laser Gilded,Less Silver | Less Gold
levenshtein,Dense,Sensu,dense,sensu,dense,sensu,2,1,4,Dense v2 Blue/Green Laser Gilded,Sensu Mankai-No-Sensu (Full Blossom Fan) | Sensu Haru-No-Sensu (Spring's Fan) | Sensu Fuyu-No-Sensu (Winter's Fan)
levenshtein,Dense,Sins,dense,sins,dense,sins,3,1,12,Dense v2 Blue/Green Laser Gilded,Sins Legacy Corpus | Sins Legacy Mentis | Sins Black Anima
levenshtein,Dense,Zeus,dense,zeus,dense,zeus,3,1,2,Dense v2 Blue/Green Laser Gilded,Zeus Mighty Gold | Zeus Sterling Silver
levenshtein,Devotion,Elevation,devotion,elevation,devotion,elevation,3,4,1,Devotion Gold | Devotion Red | Devotion Blue,Elevation Night
levenshtein,Diva,Dram,diva,dram,diva,dram,3,1,6,Diva French Edition,Dram Gold | Dram Copper | Dram Gold Private Reserve
levenshtein,Diva,Eva,diva,eva,diva,eva,2,1,11,Diva French Edition,Eva Original | Eva Original (signed) | Eva Noire
levenshtein,Diva,Fibs,diva,fibs,diva,fibs,3,1,2,Diva French Edition,Fibs White Sample Edition | Fibs Black Sample Edition
levenshtein,Diva,Gaia,diva,gaia,diva,gaia,3,1,1,Diva French Edition,Gaia
levenshtein,Diva,Hana,diva,hana,diva,hana,3,1,2,Diva French Edition,Hana Gold | Hana Silver
levenshtein,Diva,Midas,diva,midas,diva,midas,3,1,1,Diva French Edition,Midas
levenshtein,Diva,Mint,diva,mint,diva,mint,3,1,2,Diva French Edition,Mint v2 Cucumber | Mint v2 Blueberry Mint
levenshtein,Diva,Onda,diva,onda,diva,onda,3,1,14,Diva French Edition,Onda Acquamarine | Onda Acquamarine Copper Gilded | Onda Ultramarine Gold
levenshtein,Diva,Pi,diva,pi,diva,pi,3,1,3,Diva French Edition,Pi Standard | Plum Pi Standard | Chocolate Pi Standard
levenshtein,Diva,Ravn,diva,ravn,diva,ravn,3,1,17,Diva French Edition,Ravn Crimson Red Mini | Ravn Purple Haze Mini | Ravn X Mini
levenshtein,Diva,Saga,diva,saga,diva,saga,3,1,3,Diva French Edition,Saga Conquerors | Saga Raiders | Saga Seafarers
levenshtein,Diva,Silk,diva,silk,diva,silk,3,1,6,Diva French Edition,Silk Blue | Silk Red | Royal Silk Test Print
levenshtein,Diva,Sins,diva,sins,diva,sins,3,1,12,Diva French Edition,Sins Legacy Corpus | Sins Legacy Mentis | Sins Black Anima
levenshtein,Diva,Time,diva,time,diva,time,3,1,5,Diva French Edition,Time I | Time II | Time III
levenshtein,Dominion,Dominus,dominion,dominus,dominion,dominus,3,4,4,Dominion Red Full Foiled | Dominion Black Gilded | Dominion Black,Dominus Obscura | Dominus Divinus | Dominus Obscura v2
levenshtein,Dragon,Dram,dragon,dram,dragon,dram,3,2,6,Dragon Blue | Dragon Green,Dram Gold | Dram Copper | Dram Gold Private Reserve
levenshtein,Dragon,Pagan,dragon,pagan,dragon,pagan,3,2,11,Dragon Blue | Dragon Green,Pagan Blue Gold Gilded | Pagan Otherworlds Gold Gilded | Pagan Dark
levenshtein,Dragon,Ravn,dragon,ravn,dragon,ravn,3,2,17,Dragon Blue | Dragon Green,Ravn Crimson Red Mini | Ravn Purple Haze Mini | Ravn X Mini
levenshtein,Dram,Eros,dram,eros,dram,eros,3,6,1,Dram Gold | Dram Copper | Dram Gold Private Reserve,Eros: The Garden of Love Tarot v3
levenshtein,Dram,Eva,dram,eva,dram,eva,3,6,11,Dram Gold | Dram Copper | Dram Gold Private Reserve,Eva Original | Eva Original (signed) | Eva Noire
levenshtein,Dram,Grid,dram,grid,dram,grid,3,6,1,Dram Gold | Dram Copper | Dram Gold Private Reserve,Grid 2.0
levenshtein,Dram,Kami,dram,kami,dram,kami,3,6,2,Dram Gold | Dram Copper | Dram Gold Private Reserve,Kami Prototype | Kami Heavenly Sakura Prototype
levenshtein,Dram,Peak,dram,peak,dram,peak,3,6,1,Dram Gold | Dram Copper | Dram Gold Private Reserve,Peak Mountain
levenshtein,Dram,Ravn,dram,ravn,dram,ravn,3,6,17,Dram Gold | Dram Copper | Dram Gold Private Reserve,Ravn Crimson Red Mini | Ravn Purple Haze Mini | Ravn X Mini
levenshtein,Dram,Rome,dram,rome,dram,rome,3,6,4,Dram Gold | Dram Copper | Dram Gold Private Reserve,Rome Augustus | Rome Augustus Sleeve | Rome Caesar
levenshtein,Eames,Ellen,eames,ellen,eames,ellen,3,1,1,Eames Starburst Black,Ellen
levenshtein,Eames,Elves,eames,elves,eames,elves,2,1,5,Eames Starburst Black,Elves Forest | Elves Mire Gold Gilded | Elves Galad Green Gilded
levenshtein,Eames,Eros,eames,eros,eames,eros,3,1,1,Eames Starburst Black,Eros: The Garden of Love Tarot v3
levenshtein,Eames,Hermes,eames,hermes,eames,hermes,2,1,2,Eames Starburst Black,Les 4 Mondes | Cassandre for Hermes
levenshtein,Eames,Kami,eames,kami,eames,kami,3,1,2,Eames Starburst Black,Kami Prototype | Kami Heavenly Sakura Prototype
levenshtein,Eames,Made,eames,made,eames,made,3,1,2,Eames Starburst Black,Made Gold | Made Silver
levenshtein,Eames,Makers,eames,makers,eames,makers,3,1,4,Eames Starburst Black,Makers Private Reserve | Makers Private Reserve Gilded | Makers Blacksmith Edition
levenshtein,Eames,Manas,eames,manas,eames,manas,3,1,7,Eames Starburst Black,Manas Judgement | Manas Frost | Manas Fracture
levenshtein,Eames,Rome,eames,rome,eames,rome,3,1,4,Eames Starburst Black,Rome Augustus | Rome Augustus Sleeve | Rome Caesar
levenshtein,Eames,Tales,eames,tales,eames,tales,2,1,6,Eames Starburst Black,Nefarious Tales | Heroic Tales | Arcane Tales
levenshtein,Eames,Time,eames,time,eames,time,3,1,5,Eames Starburst Black,Time I | Time II | Time III
levenshtein,Egoism,Eros,egoism,eros,egoism,eros,3,5,1,Egoism Rust | Egoism Peacock | Egoism Peacock (signed),Eros: The Garden of Love Tarot v3
levenshtein,Egoism,Goos,egoism,goos,egoism,goos,3,5,1,Egoism Rust | Egoism Peacock | Egoism Peacock (signed),2020 Vision (Goos)
levenshtein,Egoism,Regium,egoism,regium,egoism,regium,3,5,2,Egoism Rust | Egoism Peacock | Egoism Peacock (signed),Regium Antique | Regium Classic
levenshtein,El Al,Elf,elal,elf,el-al,elf,3,2,1,El Al Red | El Al Blue,Elf
levenshtein,El Al,Ellen,elal,ellen,el-al,ellen,3,2,1,El Al Red | El Al Blue,Ellen
levenshtein,El Al,Elves,elal,elves,el-al,elves,3,2,5,El Al Red | El Al Blue,Elves Forest | Elves Mire Gold Gilded | Elves Galad Green Gilded
levenshtein,El Al,Eva,elal,eva,el-al,eva,3,2,11,El Al Red | El Al Blue,Eva Original | Eva Original (signed) | Eva Noire
levenshtein,El Al,Socal,elal,socal,el-al,socal,3,2,1,El Al Red | El Al Blue,California Bicycle
levenshtein,El Al,Teliad,elal,teliad,el-al,teliad,3,2,2,El Al Red | El Al Blue,Teliad Heren | Teliad Alfrin
levenshtein,Elf,Ellen,elf,ellen,elf,ellen,3,1,1,Elf,Ellen
levenshtein,Elf,Elves,elf,elves,elf,elves,3,1,5,Elf,Elves Forest | Elves Mire Gold Gilded | Elves Galad Green Gilded
levenshtein,Elf,Eros,elf,eros,elf,eros,3,1,1,Elf,Eros: The Garden of Love Tarot v3
levenshtein,Elf,Eva,elf,eva,elf,eva,2,1,11,Elf,Eva Original | Eva Original (signed) | Eva Noire
levenshtein,Elf,Lego,elf,lego,elf,lego,3,1,3,Elf,Lego Brick Warm Colors | Lego Brick Cool Colors | Lego Botanical
levenshtein,Elf,Less,elf,less,elf,less,3,1,2,Elf,Less Silver | Less Gold
levenshtein,Elf,Lux,elf,lux,elf,lux,3,1,2,Elf,Lux Tarot | Lux Tarot Gilded
levenshtein,Elf,Neo,elf,neo,elf,neo,3,1,3,Elf,Neo | Neo Ltd | Neo Wave Ultra Sunset
levenshtein,Elf,Noel,elf,noel,elf,noel,3,1,1,Elf,Noel Limited
levenshtein,Elf,NPH,elf,nph,elf,nph,3,1,1,Elf,NPH
levenshtein,Elf,Peak,elf,peak,elf,peak,3,1,1,Elf,Peak Mountain
levenshtein,Elf,Pi,elf,pi,elf,pi,3,1,3,Elf,Pi Standard | Plum Pi Standard | Chocolate Pi Standard
levenshtein,Elf,Silk,elf,silk,elf,silk,3,1,6,Elf,Silk Blue | Silk Red | Royal Silk Test Print
levenshtein,Elf,SNL,elf,snl,elf,snl,3,1,1,Elf,SNL
levenshtein,Elf,Surf,elf,surf,elf,surf,3,1,2,Elf,Surf | Surf v2 Sunset
levenshtein,Elf,VHS,elf,vhs,elf,vhs,3,1,6,Elf,VHS 1982 Standard | VHS 1982 Early Light E. 12 | VHS 1982 Pinewood Derby '86
levenshtein,Elf,WB,elf,wb,elf,wb,3,1,1,Elf,WB
levenshtein,Elf,Zeus,elf,zeus,elf,zeus,3,1,2,Elf,Zeus Mighty Gold | Zeus Sterling Silver
levenshtein,Ellen,Elves,ellen,elves,ellen,elves,2,1,5,Ellen,Elves Forest | Elves Mire Gold Gilded | Elves Galad Green Gilded
levenshtein,Ellen,Merlin,ellen,merlin,ellen,merlin,3,1,1,Ellen,Merlin Illuminations
levenshtein,Ellen,Tales,ellen,tales,ellen,tales,3,1,6,Ellen,Nefarious Tales | Heroic Tales | Arcane Tales
levenshtein,Elves,Eros,elves,eros,elves,eros,3,5,1,Elves Forest | Elves Mire Gold Gilded | Elves Galad Green Gilded,Eros: The Garden of Love Tarot v3
levenshtein,Elves,Eva,elves,eva,elves,eva,3,5,11,Elves Forest | Elves Mire Gold Gilded | Elves Galad Green Gilded,Eva Original | Eva Original (signed) | Eva Noire
levenshtein,Elves,Hermes,elves,hermes,elves,hermes,3,5,2,Elves Forest | Elves Mire Gold Gilded | Elves Galad Green Gilded,Les 4 Mondes | Cassandre for Hermes
levenshtein,Elves,Kleos,elves,kleos,elves,kleos,3,5,2,Elves Forest | Elves Mire Gold Gilded | Elves Galad Green Gilded,Kleos Eos | Kleos Nyx
levenshtein,Elves,Less,elves,less,elves,less,3,5,2,Elves Forest | Elves Mire Gold Gilded | Elves Galad Green Gilded,Less Silver | Less Gold
levenshtein,Elves,Tales,elves,tales,elves,tales,3,5,6,Elves Forest | Elves Mire Gold Gilded | Elves Galad Green Gilded,Nefarious Tales | Heroic Tales | Arcane Tales
levenshtein,Elves,VHS,elves,vhs,elves,vhs,3,5,6,Elves Forest | Elves Mire Gold Gilded | Elves Galad Green Gilded,VHS 1982 Standard | VHS 1982 Early Light E. 12 | VHS 1982 Pinewood Derby '86
levenshtein,Eminence,Reminisce,eminence,reminisce,eminence,reminisce,3,4,1,Eminence Obsidian | Eminence Topaz Silver Gilded | Eminence Sapphire,Reminisce Gold Gilded Unnumbered
levenshtein,Eminence,Silence,eminence,silence,eminence,silence,3,4,1,Eminence Obsidian | Eminence Topaz Silver Gilded | Eminence Sapphire,Silence
levenshtein,Emperor,Empire,emperor,empire,emperor,empire,3,1,1,Emperor Marked,Empire Bloodlines Limited Edition
levenshtein,Empire,Vampire,empire,vampire,empire,vampire,2,1,2,Empire Bloodlines Limited Edition,Vampire the Darknesas | Vampire the Blood
levenshtein,Enigmas,Enuma,enigmas,enuma,enigmas,enuma,3,2,1,Enigmas Original Blue | Enigmas Limited Edition Red,Enuma Elder
levenshtein,Enigmas,Knights,enigmas,knights,enigmas,knights,3,2,4,Enigmas Original Blue | Enigmas Limited Edition Red,Knights | Knights Red | Knights Blue
levenshtein,Enuma,Eva,enuma,eva,enuma,eva,3,1,11,Enuma Elder,Eva Original | Eva Original (signed) | Eva Noire
levenshtein,Enuma,Forma,enuma,forma,enuma,forma,3,1,1,Enuma Elder,Forma Purple
levenshtein,Enuma,NoMad,enuma,nomad,enuma,nomad,3,1,1,Enuma Elder,NoMad
levenshtein,Enuma,Onda,enuma,onda,enuma,onda,3,1,14,Enuma Elder,Onda Acquamarine | Onda Acquamarine Copper Gilded | Onda Ultramarine Gold
levenshtein,Enuma,Pluma,enuma,pluma,enuma,pluma,2,1,1,Enuma Elder,Pluma Blue
levenshtein,Enuma,Sumi,enuma,sumi,enuma,sumi,3,1,7,Enuma Elder,Sumi Kitsune Myth Maker | Sumi Kitsune Tale Teller | Sumi Artist
levenshtein,Eros,Eva,eros,eva,eros,eva,3,1,11,Eros: The Garden of Love Tarot v3,Eva Original | Eva Original (signed) | Eva Noire
levenshtein,Eros,Faro,eros,faro,eros,faro,3,1,1,Eros: The Garden of Love Tarot v3,Faro Vintage Reproduction Prototype
levenshtein,Eros,Fibs,eros,fibs,eros,fibs,3,1,2,Eros: The Garden of Love Tarot v3,Fibs White Sample Edition | Fibs Black Sample Edition
levenshtein,Eros,Goos,eros,goos,eros,goos,2,1,1,Eros: The Garden of Love Tarot v3,2020 Vision (Goos)
levenshtein,Eros,Grid,eros,grid,eros,grid,3,1,1,Eros: The Garden of Love Tarot v3,Grid 2.0
levenshtein,Eros,Hermes,eros,hermes,eros,hermes,3,1,2,Eros: The Garden of Love Tarot v3,Les 4 Mondes | Cassandre for Hermes
levenshtein,Eros,Icons,eros,icons,eros,icons,3,1,1,Eros: The Garden of Love Tarot v3,Icons Anniversary Standard
levenshtein,Eros,Kleos,eros,kleos,eros,kleos,3,1,2,Eros: The Garden of Love Tarot v3,Kleos Eos | Kleos Nyx
levenshtein,Eros,Lego,eros,lego,eros,lego,3,1,3,Eros: The Garden of Love Tarot v3,Lego Brick Warm Colors | Lego Brick Cool Colors | Lego Botanical
levenshtein,Eros,Less,eros,less,eros,less,3,1,2,Eros: The Garden of Love Tarot v3,Less Silver | Less Gold
levenshtein,Eros,Moon,eros,moon,eros,moon,3,1,1,Eros: The Garden of Love Tarot v3,Moon
levenshtein,Eros,Muertos,eros,muertos,eros,muertos,3,1,5,Eros: The Garden of Love Tarot v3,Muertos Celebration | Muertos Love | Muertos Mourning Gold
levenshtein,Eros,Neo,eros,neo,eros,neo,3,1,3,Eros: The Garden of Love Tarot v3,Neo | Neo Ltd | Neo Wave Ultra Sunset
levenshtein,Eros,Rome,eros,rome,eros,rome,3,1,4,Eros: The Garden of Love Tarot v3,Rome Augustus | Rome Augustus Sleeve | Rome Caesar
levenshtein,Eros,Sins,eros,sins,eros,sins,3,1,12,Eros: The Garden of Love Tarot v3,Sins Legacy Corpus | Sins Legacy Mentis | Sins Black Anima
levenshtein,Eros,Texas,eros,texas,eros,texas,3,1,2,Eros: The Garden of Love Tarot v3,Texas Player's Edition | Texas Premium Edition
levenshtein,Eros,Theos,eros,theos,eros,theos,3,1,4,Eros: The Garden of Love Tarot v3,Theos Green | Theos Purple | Theos Limited Green
levenshtein,Eros,Trics,eros,trics,eros,trics,3,1,1,Eros: The Garden of Love Tarot v3,Trics V2 Premium
levenshtein,Eros,VHS,eros,vhs,eros,vhs,3,1,6,Eros: The Garden of Love Tarot v3,VHS 1982 Standard | VHS 1982 Early Light E. 12 | VHS 1982 Pinewood Derby '86
levenshtein,Eros,Zeus,eros,zeus,eros,zeus,3,1,2,Eros: The Garden of Love Tarot v3,Zeus Mighty Gold | Zeus Sterling Silver
levenshtein,Eva,Gaia,eva,gaia,eva,gaia,3,11,1,Eva Original | Eva Original (signed) | Eva Noire,Gaia
levenshtein,Eva,Hana,eva,hana,eva,hana,3,11,2,Eva Original | Eva Original (signed) | Eva Noire,Hana Gold | Hana Silver
levenshtein,Eva,Lego,eva,lego,eva,lego,3,11,3,Eva Original | Eva Original (signed) | Eva Noire,Lego Brick Warm Colors | Lego Brick Cool Colors | Lego Botanical
levenshtein,Eva,Less,eva,less,eva,less,3,11,2,Eva Original | Eva Original (signed) | Eva Noire,Less Silver | Less Gold
levenshtein,Eva,Lux,eva,lux,eva,lux,3,11,2,Eva Original | Eva Original (signed) | Eva Noire,Lux Tarot | Lux Tarot Gilded
levenshtein,Eva,Neo,eva,neo,eva,neo,3,11,3,Eva Original | Eva Original (signed) | Eva Noire,Neo | Neo Ltd | Neo Wave Ultra Sunset
levenshtein,Eva,NPH,eva,nph,eva,nph,3,11,1,Eva Original | Eva Original (signed) | Eva Noire,NPH
levenshtein,Eva,Onda,eva,onda,eva,onda,3,11,14,Eva Original | Eva Original (signed) | Eva Noire,Onda Acquamarine | Onda Acquamarine Copper Gilded | Onda Ultramarine Gold
levenshtein,Eva,Peak,eva,peak,eva,peak,3,11,1,Eva Original | Eva Original (signed) | Eva Noire,Peak Mountain
levenshtein,Eva,Pi,eva,pi,eva,pi,3,11,3,Eva Original | Eva Original (signed) | Eva Noire,Pi Standard | Plum Pi Standard | Chocolate Pi Standard
levenshtein,Eva,Ravn,eva,ravn,eva,ravn,3,11,17,Eva Original | Eva Original (signed) | Eva Noire,Ravn Crimson Red Mini | Ravn Purple Haze Mini | Ravn X Mini
levenshtein,Eva,Saga,eva,saga,eva,saga,3,11,3,Eva Original | Eva Original (signed) | Eva Noire,Saga Conquerors | Saga Raiders | Saga Seafarers
levenshtein,Eva,Sheba,eva,sheba,eva,sheba,3,11,1,Eva Original | Eva Original (signed) | Eva Noire,Sheba
levenshtein,Eva,SNL,eva,snl,eva,snl,3,11,1,Eva Original | Eva Original (signed) | Eva Noire,SNL
levenshtein,Eva,Texas,eva,texas,eva,texas,3,11,2,Eva Original | Eva Original (signed) | Eva Noire,Texas Player's Edition | Texas Premium Edition
levenshtein,Eva,VHS,eva,vhs,eva,vhs,3,11,6,Eva Original | Eva Original (signed) | Eva Noire,VHS 1982 Standard | VHS 1982 Early Light E. 12 | VHS 1982 Pinewood Derby '86
levenshtein,Eva,WB,eva,wb,eva,wb,3,11,1,Eva Original | Eva Original (signed) | Eva Noire,WB
levenshtein,Eva,Zeus,eva,zeus,eva,zeus,3,11,2,Eva Original | Eva Original (signed) | Eva Noire,Zeus Mighty Gold | Zeus Sterling Silver
levenshtein,Falcon,Faro,falcon,faro,falcon,faro,3,1,1,Falcon Black,Faro Vintage Reproduction Prototype
levenshtein,Falcon,Fashion,falcon,fashion,falcon,fashion,3,1,2,Falcon Black,Fashion Pink | Fashion Turquoise
levenshtein,Faro,Fibs,faro,fibs,faro,fibs,3,1,2,Faro Vintage Reproduction Prototype,Fibs White Sample Edition | Fibs Black Sample Edition
levenshtein,Faro,Flora,faro,flora,faro,flora,3,1,1,Faro Vintage Reproduction Prototype,Red Flora
levenshtein,Faro,Forma,faro,forma,faro,forma,3,1,1,Faro Vintage Reproduction Prototype,Forma Purple
levenshtein,Faro,Gaia,faro,gaia,faro,gaia,3,1,1,Faro Vintage Reproduction Prototype,Gaia
levenshtein,Faro,Hana,faro,hana,faro,hana,3,1,2,Faro Vintage Reproduction Prototype,Hana Gold | Hana Silver
levenshtein,Faro,Jaqk,faro,jaqk,faro,jaqk,3,1,1,Faro Vintage Reproduction Prototype,Jaqk Cellars Rose
levenshtein,Faro,Kami,faro,kami,faro,kami,3,1,2,Faro Vintage Reproduction Prototype,Kami Prototype | Kami Heavenly Sakura Prototype
levenshtein,Faro,Lego,faro,lego,faro,lego,3,1,3,Faro Vintage Reproduction Prototype,Lego Brick Warm Colors | Lego Brick Cool Colors | Lego Botanical
levenshtein,Faro,Lore,faro,lore,faro,lore,3,1,4,Faro Vintage Reproduction Prototype,Lore Väesen Foil | Lore Midwinter Red | Lore Midsummer Blue
levenshtein,Faro,Made,faro,made,faro,made,3,1,2,Faro Vintage Reproduction Prototype,Made Gold | Made Silver
levenshtein,Faro,Maduro,faro,maduro,faro,maduro,3,1,2,Faro Vintage Reproduction Prototype,Maduro Silver | Maduro Gold
levenshtein,Faro,Naruto,faro,naruto,faro,naruto,3,1,1,Faro Vintage Reproduction Prototype,Naruto Shippuden
levenshtein,Faro,Neo,faro,neo,faro,neo,3,1,3,Faro Vintage Reproduction Prototype,Neo | Neo Ltd | Neo Wave Ultra Sunset
levenshtein,Faro,Ravn,faro,ravn,faro,ravn,3,1,17,Faro Vintage Reproduction Prototype,Ravn Crimson Red Mini | Ravn Purple Haze Mini | Ravn X Mini
levenshtein,Faro,Saga,faro,saga,faro,saga,3,1,3,Faro Vintage Reproduction Prototype,Saga Conquerors | Saga Raiders | Saga Seafarers
levenshtein,Faro,Surf,faro,surf,faro,surf,3,1,2,Faro Vintage Reproduction Prototype,Surf | Surf v2 Sunset
levenshtein,Faunae,Hana,faunae,hana,faunae,hana,3,2,2,Faunae Veiled | Faunae Vibrant,Hana Gold | Hana Silver
levenshtein,Faunae,Manas,faunae,manas,faunae,manas,3,2,7,Faunae Veiled | Faunae Vibrant,Manas Judgement | Manas Frost | Manas Fracture
levenshtein,Festum,Regium,festum,regium,festum,regium,3,2,2,Festum Art is Card | Festum Mythos,Regium Antique | Regium Classic
levenshtein,Fiamma,Forma,fiamma,forma,fiamma,forma,3,2,1,Fiamma Rossa | Fiamma Nera,Forma Purple
levenshtein,Fibs,Goos,fibs,goos,fibs,goos,3,2,1,Fibs White Sample Edition | Fibs Black Sample Edition,2020 Vision (Goos)
levenshtein,Fibs,Less,fibs,less,fibs,less,3,2,2,Fibs White Sample Edition | Fibs Black Sample Edition,Less Silver | Less Gold
levenshtein,Fibs,Midas,fibs,midas,fibs,midas,3,2,1,Fibs White Sample Edition | Fibs Black Sample Edition,Midas
levenshtein,Fibs,Mint,fibs,mint,fibs,mint,3,2,2,Fibs White Sample Edition | Fibs Black Sample Edition,Mint v2 Cucumber | Mint v2 Blueberry Mint
levenshtein,Fibs,Pi,fibs,pi,fibs,pi,3,2,3,Fibs White Sample Edition | Fibs Black Sample Edition,Pi Standard | Plum Pi Standard | Chocolate Pi Standard
levenshtein,Fibs,Silk,fibs,silk,fibs,silk,3,2,6,Fibs White Sample Edition | Fibs Black Sample Edition,Silk Blue | Silk Red | Royal Silk Test Print
levenshtein,Fibs,Sins,fibs,sins,fibs,sins,2,2,12,Fibs White Sample Edition | Fibs Black Sample Edition,Sins Legacy Corpus | Sins Legacy Mentis | Sins Black Anima
levenshtein,Fibs,Time,fibs,time,fibs,time,3,2,5,Fibs White Sample Edition | Fibs Black Sample Edition,Time I | Time II | Time III
levenshtein,Fibs,Trics,fibs,trics,fibs,trics,3,2,1,Fibs White Sample Edition | Fibs Black Sample Edition,Trics V2 Premium
levenshtein,Fibs,VHS,fibs,vhs,fibs,vhs,3,2,6,Fibs White Sample Edition | Fibs Black Sample Edition,VHS 1982 Standard | VHS 1982 Early Light E. 12 | VHS 1982 Pinewood Derby '86
levenshtein,Fibs,WB,fibs,wb,fibs,wb,3,2,1,Fibs White Sample Edition | Fibs Black Sample Edition,WB
levenshtein,Fibs,Zeus,fibs,zeus,fibs,zeus,3,2,2,Fibs White Sample Edition | Fibs Black Sample Edition,Zeus Mighty Gold | Zeus Sterling Silver
levenshtein,Flora,Forma,flora,forma,flora,forma,2,1,1,Red Flora,Forma Purple
levenshtein,Flora,Lore,flora,lore,flora,lore,2,1,4,Red Flora,Lore Väesen Foil | Lore Midwinter Red | Lore Midsummer Blue
levenshtein,Flora,Pluma,flora,pluma,flora,pluma,3,1,1,Red Flora,Pluma Blue
levenshtein,Flora,Supra,flora,supra,flora,supra,3,1,1,Red Flora,Supra Oracle
levenshtein,Flora,Umbra,flora,umbra,flora,umbra,3,1,4,Red Flora,Umbra Slate | Umbra Merlot | Umbra Noir
levenshtein,Forged,Forma,forged,forma,forged,forma,3,6,1,Forged Viking Fury Gold Gilded | Forged Midgard's Revenge Cold Foil | Forged Midgard's Revenge Gilded,Forma Purple
levenshtein,Forged,Lore,forged,lore,forged,lore,3,6,4,Forged Viking Fury Gold Gilded | Forged Midgard's Revenge Cold Foil | Forged Midgard's Revenge Gilded,Lore Väesen Foil | Lore Midwinter Red | Lore Midsummer Blue
levenshtein,Forged,Order,forged,order,forged,order,3,6,4,Forged Viking Fury Gold Gilded | Forged Midgard's Revenge Cold Foil | Forged Midgard's Revenge Gilded,Order Occultus | Order Electus | Order Revolutio
levenshtein,Forma,Lore,forma,lore,forma,lore,3,1,4,Forma Purple,Lore Väesen Foil | Lore Midwinter Red | Lore Midsummer Blue
levenshtein,Forma,NoMad,forma,nomad,forma,nomad,3,1,1,Forma Purple,NoMad
levenshtein,Forma,Onda,forma,onda,forma,onda,3,1,14,Forma Purple,Onda Acquamarine | Onda Acquamarine Copper Gilded | Onda Ultramarine Gold
levenshtein,Forma,Pluma,forma,pluma,forma,pluma,3,1,1,Forma Purple,Pluma Blue
levenshtein,Forma,Rome,forma,rome,forma,rome,3,1,4,Forma Purple,Rome Augustus | Rome Augustus Sleeve | Rome Caesar
levenshtein,Forma,Wonka,forma,wonka,forma,wonka,3,1,1,Forma Purple,Wonka
levenshtein,Gaia,Galaxia,gaia,galaxia,gaia,galaxia,3,1,5,Gaia,Galaxia Promessa | Galaxia Altezza | Galaxia Integra
levenshtein,Gaia,Glico,gaia,glico,gaia,glico,3,1,2,Gaia,Glico Almond Chocolate | Glico Giant Ice Cream
levenshtein,Gaia,Goos,gaia,goos,gaia,goos,3,1,1,Gaia,2020 Vision (Goos)
levenshtein,Gaia,Grid,gaia,grid,gaia,grid,2,1,1,Gaia,Grid 2.0
levenshtein,Gaia,Hana,gaia,hana,gaia,hana,2,1,2,Gaia,Hana Gold | Hana Silver
levenshtein,Gaia,Italia,gaia,italia,gaia,italia,3,1,7,Gaia,Italia Lucente | Italia Preziosa | Italia Radiosa
levenshtein,Gaia,Jaqk,gaia,jaqk,gaia,jaqk,3,1,1,Gaia,Jaqk Cellars Rose
levenshtein,Gaia,Kami,gaia,kami,gaia,kami,3,1,2,Gaia,Kami Prototype | Kami Heavenly Sakura Prototype
levenshtein,Gaia,Made,gaia,made,gaia,made,3,1,2,Gaia,Made Gold | Made Silver
levenshtein,Gaia,Manas,gaia,manas,gaia,manas,3,1,7,Gaia,Manas Judgement | Manas Frost | Manas Fracture
levenshtein,Gaia,Omnia,gaia,omnia,gaia,omnia,3,1,8,Gaia,Omnia Prototype | Omnia Suprema (no seal) | Omnia Perduta
levenshtein,Gaia,Onda,gaia,onda,gaia,onda,3,1,14,Gaia,Onda Acquamarine | Onda Acquamarine Copper Gilded | Onda Ultramarine Gold
levenshtein,Gaia,Pagan,gaia,pagan,gaia,pagan,3,1,11,Gaia,Pagan Blue Gold Gilded | Pagan Otherworlds Gold Gilded | Pagan Dark
levenshtein,Gaia,Pi,gaia,pi,gaia,pi,3,1,3,Gaia,Pi Standard | Plum Pi Standard | Chocolate Pi Standard
levenshtein,Gaia,Ravn,gaia,ravn,gaia,ravn,3,1,17,Gaia,Ravn Crimson Red Mini | Ravn Purple Haze Mini | Ravn X Mini
levenshtein,Gaia,Regalia,gaia,regalia,gaia,regalia,3,1,2,Gaia,Regalia | White Regalia
levenshtein,Gaia,Saga,gaia,saga,gaia,saga,2,1,3,Gaia,Saga Conquerors | Saga Raiders | Saga Seafarers
levenshtein,Gemini,Gremlins,gemini,gremlins,gemini,gremlins,3,4,1,Gemini Ignis | Gemini Terra | Gemini Noctis,Gremlins Bicycle
levenshtein,Gemini,Mint,gemini,mint,gemini,mint,3,4,2,Gemini Ignis | Gemini Terra | Gemini Noctis,Mint v2 Cucumber | Mint v2 Blueberry Mint
levenshtein,Glico,Grid,glico,grid,glico,grid,3,2,1,Glico Almond Chocolate | Glico Giant Ice Cream,Grid 2.0
levenshtein,Glico,Lego,glico,lego,glico,lego,3,2,3,Glico Almond Chocolate | Glico Giant Ice Cream,Lego Brick Warm Colors | Lego Brick Cool Colors | Lego Botanical
levenshtein,Glico,Trics,glico,trics,glico,trics,3,2,1,Glico Almond Chocolate | Glico Giant Ice Cream,Trics V2 Premium
levenshtein,Golden Age,Golden Eagle,goldenage,goldeneagle,golden-age,golden-eagle,2,2,2,Golden Age Black | Golden Age Winter,Golden Eagle No. 7 | Golden Eagle No. 7 Gilded
levenshtein,Golden Age,Golden Rule,goldenage,goldenrule,golden-age,golden-rule,3,2,3,Golden Age Black | Golden Age Winter,Golden Rule Players | Golden Rule Silk Edition | Golden Rule Patreon Test Edition
levenshtein,Golden Eagle,Golden Rule,goldeneagle,goldenrule,golden-eagle,golden-rule,3,2,3,Golden Eagle No. 7 | Golden Eagle No. 7 Gilded,Golden Rule Players | Golden Rule Silk Edition | Golden Rule Patreon Test Edition
levenshtein,Goonies,Goos,goonies,goos,goonies,goos,3,1,1,Goonies Limited Edition,2020 Vision (Goos)
levenshtein,Goonies,Stories,goonies,stories,goonies,stories,3,1,9,Goonies Limited Edition,Stories I Standard Red | Stories II Standard Blue | Stories III Standard Green
levenshtein,Goos,Grid,goos,grid,goos,grid,3,1,1,2020 Vision (Goos),Grid 2.0
levenshtein,Goos,Icons,goos,icons,goos,icons,3,1,1,2020 Vision (Goos),Icons Anniversary Standard
levenshtein,Goos,Kleos,goos,kleos,goos,kleos,3,1,2,2020 Vision (Goos),Kleos Eos | Kleos Nyx
levenshtein,Goos,Less,goos,less,goos,less,3,1,2,2020 Vision (Goos),Less Silver | Less Gold
levenshtein,Goos,Lore,goos,lore,goos,lore,3,1,4,2020 Vision (Goos),Lore Väesen Foil | Lore Midwinter Red | Lore Midsummer Blue
levenshtein,Goos,Moon,goos,moon,goos,moon,2,1,1,2020 Vision (Goos),Moon
levenshtein,Goos,Neo,goos,neo,goos,neo,3,1,3,2020 Vision (Goos),Neo | Neo Ltd | Neo Wave Ultra Sunset
levenshtein,Goos,Noel,goos,noel,goos,noel,3,1,1,2020 Vision (Goos),Noel Limited
levenshtein,Goos,Rome,goos,rome,goos,rome,3,1,4,2020 Vision (Goos),Rome Augustus | Rome Augustus Sleeve | Rome Caesar
levenshtein,Goos,Sins,goos,sins,goos,sins,3,1,12,2020 Vision (Goos),Sins Legacy Corpus | Sins Legacy Mentis | Sins Black Anima
levenshtein,Goos,Skotos,goos,skotos,goos,skotos,3,1,1,2020 Vision (Goos),Skotos
levenshtein,Goos,Theos,goos,theos,goos,theos,3,1,4,2020 Vision (Goos),Theos Green | Theos Purple | Theos Limited Green
levenshtein,Goos,VHS,goos,vhs,goos,vhs,3,1,6,2020 Vision (Goos),VHS 1982 Standard | VHS 1982 Early Light E. 12 | VHS 1982 Pinewood Derby '86
levenshtein,Goos,Zeus,goos,zeus,goos,zeus,3,1,2,2020 Vision (Goos),Zeus Mighty Gold | Zeus Sterling Silver
levenshtein,Gothica,Mythical,gothica,mythical,gothica,mythical,3,4,1,Gothica II: Dracula Shadow | Gothica II: Dracula Blood | Gothica Immortal,Mythical Old World
levenshtein,Grid,Orbit,grid,orbit,grid,orbit,3,1,2,Grid 2.0,Orbit 5th Edition | Orbit 6th Edition
levenshtein,Grid,Pi,grid,pi,grid,pi,3,1,3,Grid 2.0,Pi Standard | Plum Pi Standard | Chocolate Pi Standard
levenshtein,Grid,Trics,grid,trics,grid,trics,3,1,1,Grid 2.0,Trics V2 Premium
levenshtein,Grotesk,Grotesque,grotesk,grotesque,grotesk,grotesque,3,2,1,Grotesk Macabre Animated | Grotesk Macabre Original Edition,Grotesque Original Edition
levenshtein,Grotesque,Moresque,grotesque,moresque,grotesque,moresque,3,1,2,Grotesque Original Edition,Moresque Players | Moresque Patrons Edition
levenshtein,Hana,Hannya,hana,hannya,hana,hannya,2,2,1,Hana Gold | Hana Silver,Hannya v1
levenshtein,Hana,HMNIM,hana,hmnim,hana,hmnim,3,2,2,Hana Gold | Hana Silver,HMNIM Gray | HMNIM Gold
levenshtein,Hana,Jaqk,hana,jaqk,hana,jaqk,3,2,1,Hana Gold | Hana Silver,Jaqk Cellars Rose
levenshtein,Hana,Kami,hana,kami,hana,kami,3,2,2,Hana Gold | Hana Silver,Kami Prototype | Kami Heavenly Sakura Prototype
levenshtein,Hana,Made,hana,made,hana,made,3,2,2,Hana Gold | Hana Silver,Made Gold | Made Silver
levenshtein,Hana,Manas,hana,manas,hana,manas,2,2,7,Hana Gold | Hana Silver,Manas Judgement | Manas Frost | Manas Fracture
levenshtein,Hana,Mint,hana,mint,hana,mint,3,2,2,Hana Gold | Hana Silver,Mint v2 Cucumber | Mint v2 Blueberry Mint
levenshtein,Hana,Omnia,hana,omnia,hana,omnia,3,2,8,Hana Gold | Hana Silver,Omnia Prototype | Omnia Suprema (no seal) | Omnia Perduta
levenshtein,Hana,Onda,hana,onda,hana,onda,3,2,14,Hana Gold | Hana Silver,Onda Acquamarine | Onda Acquamarine Copper Gilded | Onda Ultramarine Gold
levenshtein,Hana,Pagan,hana,pagan,hana,pagan,3,2,11,Hana Gold | Hana Silver,Pagan Blue Gold Gilded | Pagan Otherworlds Gold Gilded | Pagan Dark
levenshtein,Hana,Ravn,hana,ravn,hana,ravn,3,2,17,Hana Gold | Hana Silver,Ravn Crimson Red Mini | Ravn Purple Haze Mini | Ravn X Mini
levenshtein,Hana,Saga,hana,saga,hana,saga,2,2,3,Hana Gold | Hana Silver,Saga Conquerors | Saga Raiders | Saga Seafarers
levenshtein,Hana,Sheba,hana,sheba,hana,sheba,3,2,1,Hana Gold | Hana Silver,Sheba
levenshtein,Hana,Sins,hana,sins,hana,sins,3,2,12,Hana Gold | Hana Silver,Sins Legacy Corpus | Sins Legacy Mentis | Sins Black Anima
levenshtein,Hana,SNL,hana,snl,hana,snl,3,2,1,Hana Gold | Hana Silver,SNL
levenshtein,Hana,Wonka,hana,wonka,hana,wonka,3,2,1,Hana Gold | Hana Silver,Wonka
levenshtein,Hellcats,Hellions,hellcats,hellions,hellcats,hellions,3,1,2,Hellcats Standard,Hellions | Hellions Red
levenshtein,Hellions,Medallions,hellions,medallions,hellions,medallions,3,2,1,Hellions | Hellions Red,Medallions
levenshtein,Hercules,Hermes,hercules,hermes,hercules,hermes,3,2,2,Hercules Bicycle | Hercules Limited,Les 4 Mondes | Cassandre for Hermes
levenshtein,HMNIM,Omnia,hmnim,omnia,hmnim,omnia,2,2,8,HMNIM Gray | HMNIM Gold,Omnia Prototype | Omnia Suprema (no seal) | Omnia Perduta
levenshtein,Hudson,Poison,hudson,poison,hudson,poison,3,2,3,Hudson | Hudson Black,Poison Apsis | Poison Bella Donna | Poison King Slayer
levenshtein,Hudson,Union,hudson,union,hudson,union,3,2,1,Hudson | Hudson Black,Union
levenshtein,Icons,Moon,icons,moon,icons,moon,3,1,1,Icons Anniversary Standard,Moon
levenshtein,Icons,Sins,icons,sins,icons,sins,3,1,12,Icons Anniversary Standard,Sins Legacy Corpus | Sins Legacy Mentis | Sins Black Anima
levenshtein,Icons,Visions,icons,visions,icons,visions,3,1,2,Icons Anniversary Standard,Visions Present Purple Gilded | Visions Prototype
levenshtein,Illuminated,Illuminati,illuminated,illuminati,illuminated,illuminati,2,2,2,Illuminated Tarot Light | Illuminated Tarot Dark,Illuminati The Owl | Illuminati The Knight
levenshtein,Inferno,Inverno,inferno,inverno,inferno,inverno,1,5,4,Inferno Acheronte | Inferno Emerald Blaze | Inverno Violet Vengeance,Inverno Day | Inverno Night | Inverno Day Limited
levenshtein,Innovation,Invasion,innovation,invasion,innovation,invasion,3,3,1,Innovation Black | Innovation White | Innocation Blue,Invasion Blood
levenshtein,Innovation,Invocation,innovation,invocation,innovation,invocation,2,3,4,Innovation Black | Innovation White | Innocation Blue,Invocation Standard | Invocation Limited | Invocation Platinum
levenshtein,Intaglio,Italia,intaglio,italia,intaglio,italia,3,2,7,Intaglio Red | Intaglio Blue,Italia Lucente | Italia Preziosa | Italia Radiosa
levenshtein,Invasion,Invocation,invasion,invocation,invasion,invocation,3,1,4,Invasion Blood,Invocation Standard | Invocation Limited | Invocation Platinum
levenshtein,Italia,Regalia,italia,regalia,italia,regalia,3,7,2,Italia Lucente | Italia Preziosa | Italia Radiosa,Regalia | White Regalia
levenshtein,Italia,Tales,italia,tales,italia,tales,3,7,6,Italia Lucente | Italia Preziosa | Italia Radiosa,Nefarious Tales | Heroic Tales | Arcane Tales
levenshtein,Italia,Teliad,italia,teliad,italia,teliad,3,7,2,Italia Lucente | Italia Preziosa | Italia Radiosa,Teliad Heren | Teliad Alfrin
levenshtein,Italia,Titanic,italia,titanic,italia,titanic,3,7,2,Italia Lucente | Italia Preziosa | Italia Radiosa,Titanic Death Third Class | Titanic Tarot
levenshtein,Italia,Tulip,italia,tulip,italia,tulip,3,7,3,Italia Lucente | Italia Preziosa | Italia Radiosa,Tulip Amsterdam Light | Tulip Holland | Tulip Amsterdam Dark
levenshtein,Jaqk,Kami,jaqk,kami,jaqk,kami,3,1,2,Jaqk Cellars Rose,Kami Prototype | Kami Heavenly Sakura Prototype
levenshtein,Jaqk,Made,jaqk,made,jaqk,made,3,1,2,Jaqk Cellars Rose,Made Gold | Made Silver
levenshtein,Jaqk,Peak,jaqk,peak,jaqk,peak,3,1,1,Jaqk Cellars Rose,Peak Mountain
levenshtein,Jaqk,Ravn,jaqk,ravn,jaqk,ravn,3,1,17,Jaqk Cellars Rose,Ravn Crimson Red Mini | Ravn Purple Haze Mini | Ravn X Mini
levenshtein,Jaqk,Saga,jaqk,saga,jaqk,saga,3,1,3,Jaqk Cellars Rose,Saga Conquerors | Saga Raiders | Saga Seafarers
levenshtein,Jaqk,Silk,jaqk,silk,jaqk,silk,3,1,6,Jaqk Cellars Rose,Silk Blue | Silk Red | Royal Silk Test Print
levenshtein,Kami,Kubik,kami,kubik,kami,kubik,3,2,1,Kami Prototype | Kami Heavenly Sakura Prototype,Kubik v2
levenshtein,Kami,Made,kami,made,kami,made,3,2,2,Kami Prototype | Kami Heavenly Sakura Prototype,Made Gold | Made Silver
levenshtein,Kami,Pi,kami,pi,kami,pi,3,2,3,Kami Prototype | Kami Heavenly Sakura Prototype,Pi Standard | Plum Pi Standard | Chocolate Pi Standard
levenshtein,Kami,Ravn,kami,ravn,kami,ravn,3,2,17,Kami Prototype | Kami Heavenly Sakura Prototype,Ravn Crimson Red Mini | Ravn Purple Haze Mini | Ravn X Mini
levenshtein,Kami,Rome,kami,rome,kami,rome,3,2,4,Kami Prototype | Kami Heavenly Sakura Prototype,Rome Augustus | Rome Augustus Sleeve | Rome Caesar
levenshtein,Kami,Saga,kami,saga,kami,saga,3,2,3,Kami Prototype | Kami Heavenly Sakura Prototype,Saga Conquerors | Saga Raiders | Saga Seafarers
levenshtein,Kami,Sumi,kami,sumi,kami,sumi,2,2,7,Kami Prototype | Kami Heavenly Sakura Prototype,Sumi Kitsune Myth Maker | Sumi Kitsune Tale Teller | Sumi Artist
levenshtein,Kami,Time,kami,time,kami,time,3,2,5,Kami Prototype | Kami Heavenly Sakura Prototype,Time I | Time II | Time III
levenshtein,Keeper,Peelers,keeper,peelers,keeper,peelers,3,1,1,Keeper Red,Peelers v2
levenshtein,Kleos,Lego,kleos,lego,kleos,lego,3,2,3,Kleos Eos | Kleos Nyx,Lego Brick Warm Colors | Lego Brick Cool Colors | Lego Botanical
levenshtein,Kleos,Less,kleos,less,kleos,less,2,2,2,Kleos Eos | Kleos Nyx,Less Silver | Less Gold
levenshtein,Kleos,Neo,kleos,neo,kleos,neo,3,2,3,Kleos Eos | Kleos Nyx,Neo | Neo Ltd | Neo Wave Ultra Sunset
levenshtein,Kleos,Skotos,kleos,skotos,kleos,skotos,3,2,1,Kleos Eos | Kleos Nyx,Skotos
levenshtein,Kleos,Tales,kleos,tales,kleos,tales,3,2,6,Kleos Eos | Kleos Nyx,Nefarious Tales | Heroic Tales | Arcane Tales
levenshtein,Kleos,Theos,kleos,theos,kleos,theos,2,2,4,Kleos Eos | Kleos Nyx,Theos Green | Theos Purple | Theos Limited Green
levenshtein,Kleos,Zeus,kleos,zeus,kleos,zeus,3,2,2,Kleos Eos | Kleos Nyx,Zeus Mighty Gold | Zeus Sterling Silver
levenshtein,Kubik,Orbit,kubik,orbit,kubik,orbit,3,1,2,Kubik v2,Orbit 5th Edition | Orbit 6th Edition
levenshtein,Kubik,Sumi,kubik,sumi,kubik,sumi,3,1,7,Kubik v2,Sumi Kitsune Myth Maker | Sumi Kitsune Tale Teller | Sumi Artist
levenshtein,Kubik,Tulip,kubik,tulip,kubik,tulip,3,1,3,Kubik v2,Tulip Amsterdam Light | Tulip Holland | Tulip Amsterdam Dark
levenshtein,Lego,Less,lego,less,lego,less,2,3,2,Lego Brick Warm Colors | Lego Brick Cool Colors | Lego Botanical,Less Silver | Less Gold
levenshtein,Lego,Lore,lego,lore,lego,lore,3,3,4,Lego Brick Warm Colors | Lego Brick Cool Colors | Lego Botanical,Lore Väesen Foil | Lore Midwinter Red | Lore Midsummer Blue
levenshtein,Lego,Lux,lego,lux,lego,lux,3,3,2,Lego Brick Warm Colors | Lego Brick Cool Colors | Lego Botanical,Lux Tarot | Lux Tarot Gilded
levenshtein,Lego,Luxx,lego,luxx,lego,luxx,3,3,1,Lego Brick Warm Colors | Lego Brick Cool Colors | Lego Botanical,Luxx Redux
levenshtein,Lego,Neo,lego,neo,lego,neo,2,3,3,Lego Brick Warm Colors | Lego Brick Cool Colors | Lego Botanical,Neo | Neo Ltd | Neo Wave Ultra Sunset
levenshtein,Lego,Peak,lego,peak,lego,peak,3,3,1,Lego Brick Warm Colors | Lego Brick Cool Colors | Lego Botanical,Peak Mountain
levenshtein,Lego,Saga,lego,saga,lego,saga,3,3,3,Lego Brick Warm Colors | Lego Brick Cool Colors | Lego Botanical,Saga Conquerors | Saga Raiders | Saga Seafarers
levenshtein,Lego,Zeus,lego,zeus,lego,zeus,3,3,2,Lego Brick Warm Colors | Lego Brick Cool Colors | Lego Botanical,Zeus Mighty Gold | Zeus Sterling Silver
levenshtein,Less,Lore,less,lore,less,lore,3,2,4,Less Silver | Less Gold,Lore Väesen Foil | Lore Midwinter Red | Lore Midsummer Blue
levenshtein,Less,Lux,less,lux,less,lux,3,2,2,Less Silver | Less Gold,Lux Tarot | Lux Tarot Gilded
levenshtein,Less,Luxx,less,luxx,less,luxx,3,2,1,Less Silver | Less Gold,Luxx Redux
levenshtein,Less,Neo,less,neo,less,neo,3,2,3,Less Silver | Less Gold,Neo | Neo Ltd | Neo Wave Ultra Sunset
levenshtein,Less,Peak,less,peak,less,peak,3,2,1,Less Silver | Less Gold,Peak Mountain
levenshtein,Less,Sensu,less,sensu,less,sensu,3,2,4,Less Silver | Less Gold,Sensu Mankai-No-Sensu (Full Blossom Fan) | Sensu Haru-No-Sensu (Spring's Fan) | Sensu Fuyu-No-Sensu (Winter's Fan)
levenshtein,Less,Sins,less,sins,less,sins,3,2,12,Less Silver | Less Gold,Sins Legacy Corpus | Sins Legacy Mentis | Sins Black Anima
levenshtein,Less,Tales,less,tales,less,tales,3,2,6,Less Silver | Less Gold,Nefarious Tales | Heroic Tales | Arcane Tales
levenshtein,Less,Texas,less,texas,less,texas,3,2,2,Less Silver | Less Gold,Texas Player's Edition | Texas Premium Edition
levenshtein,Less,Theos,less,theos,less,theos,3,2,4,Less Silver | Less Gold,Theos Green | Theos Purple | Theos Limited Green
levenshtein,Less,VHS,less,vhs,less,vhs,3,2,6,Less Silver | Less Gold,VHS 1982 Standard | VHS 1982 Early Light E. 12 | VHS 1982 Pinewood Derby '86
levenshtein,Less,Zeus,less,zeus,less,zeus,2,2,2,Less Silver | Less Gold,Zeus Mighty Gold | Zeus Sterling Silver
levenshtein,Lore,Lux,lore,lux,lore,lux,3,4,2,Lore Väesen Foil | Lore Midwinter Red | Lore Midsummer Blue,Lux Tarot | Lux Tarot Gilded
levenshtein,Lore,Luxx,lore,luxx,lore,luxx,3,4,1,Lore Väesen Foil | Lore Midwinter Red | Lore Midsummer Blue,Luxx Redux
levenshtein,Lore,Made,lore,made,lore,made,3,4,2,Lore Väesen Foil | Lore Midwinter Red | Lore Midsummer Blue,Made Gold | Made Silver
levenshtein,Lore,Moon,lore,moon,lore,moon,3,4,1,Lore Väesen Foil | Lore Midwinter Red | Lore Midsummer Blue,Moon
levenshtein,Lore,Noel,lore,noel,lore,noel,3,4,1,Lore Väesen Foil | Lore Midwinter Red | Lore Midsummer Blue,Noel Limited
levenshtein,Lore,Obey,lore,obey,lore,obey,3,4,3,Lore Väesen Foil | Lore Midwinter Red | Lore Midsummer Blue,Obey Collage | Obey Red | Obey Gold
levenshtein,Lore,Order,lore,order,lore,order,3,4,4,Lore Väesen Foil | Lore Midwinter Red | Lore Midsummer Blue,Order Occultus | Order Electus | Order Revolutio
levenshtein,Lore,Rome,lore,rome,lore,rome,2,4,4,Lore Väesen Foil | Lore Midwinter Red | Lore Midsummer Blue,Rome Augustus | Rome Augustus Sleeve | Rome Caesar
levenshtein,Lore,Surf,lore,surf,lore,surf,3,4,2,Lore Väesen Foil | Lore Midwinter Red | Lore Midsummer Blue,Surf | Surf v2 Sunset
levenshtein,Lore,Time,lore,time,lore,time,3,4,5,Lore Väesen Foil | Lore Midwinter Red | Lore Midsummer Blue,Time I | Time II | Time III
levenshtein,Lux,Luxx,lux,luxx,lux,luxx,1,2,1,Lux Tarot | Lux Tarot Gilded,Luxx Redux
levenshtein,Lux,Neo,lux,neo,lux,neo,3,2,3,Lux Tarot | Lux Tarot Gilded,Neo | Neo Ltd | Neo Wave Ultra Sunset
levenshtein,Lux,NPH,lux,nph,lux,nph,3,2,1,Lux Tarot | Lux Tarot Gilded,NPH
levenshtein,Lux,Pi,lux,pi,lux,pi,3,2,3,Lux Tarot | Lux Tarot Gilded,Pi Standard | Plum Pi Standard | Chocolate Pi Standard
levenshtein,Lux,Pluma,lux,pluma,lux,pluma,3,2,1,Lux Tarot | Lux Tarot Gilded,Pluma Blue
levenshtein,Lux,SNL,lux,snl,lux,snl,3,2,1,Lux Tarot | Lux Tarot Gilded,SNL
levenshtein,Lux,Sumi,lux,sumi,lux,sumi,3,2,7,Lux Tarot | Lux Tarot Gilded,Sumi Kitsune Myth Maker | Sumi Kitsune Tale Teller | Sumi Artist
levenshtein,Lux,Surf,lux,surf,lux,surf,3,2,2,Lux Tarot | Lux Tarot Gilded,Surf | Surf v2 Sunset
levenshtein,Lux,VHS,lux,vhs,lux,vhs,3,2,6,Lux Tarot | Lux Tarot Gilded,VHS 1982 Standard | VHS 1982 Early Light E. 12 | VHS 1982 Pinewood Derby '86
levenshtein,Lux,WB,lux,wb,lux,wb,3,2,1,Lux Tarot | Lux Tarot Gilded,WB
levenshtein,Lux,Zeus,lux,zeus,lux,zeus,3,2,2,Lux Tarot | Lux Tarot Gilded,Zeus Mighty Gold | Zeus Sterling Silver
levenshtein,Luxx,Pluma,luxx,pluma,luxx,pluma,3,1,1,Luxx Redux,Pluma Blue
levenshtein,Luxx,Sumi,luxx,sumi,luxx,sumi,3,1,7,Luxx Redux,Sumi Kitsune Myth Maker | Sumi Kitsune Tale Teller | Sumi Artist
levenshtein,Luxx,Surf,luxx,surf,luxx,surf,3,1,2,Luxx Redux,Surf | Surf v2 Sunset
levenshtein,Made,Maduro,made,maduro,made,maduro,3,2,2,Made Gold | Made Silver,Maduro Silver | Maduro Gold
levenshtein,Made,Maidens,made,maidens,made,maidens,3,2,1,Made Gold | Made Silver,Maidens
levenshtein,Made,Makers,made,makers,made,makers,3,2,4,Made Gold | Made Silver,Makers Private Reserve | Makers Private Reserve Gilded | Makers Blacksmith Edition
levenshtein,Made,Manas,made,manas,made,manas,3,2,7,Made Gold | Made Silver,Manas Judgement | Manas Frost | Manas Fracture
levenshtein,Made,Marvel,made,marvel,made,marvel,3,2,3,Made Gold | Made Silver,Black Panther | Guardians of the Galaxy | Spider Man
levenshtein,Made,Midas,made,midas,made,midas,3,2,1,Made Gold | Made Silver,Midas
levenshtein,Made,Mint,made,mint,made,mint,3,2,2,Made Gold | Made Silver,Mint v2 Cucumber | Mint v2 Blueberry Mint
levenshtein,Made,Mirage,made,mirage,made,mirage,3,2,2,Made Gold | Made Silver,Mirage | Mirage Red
levenshtein,Made,Moon,made,moon,made,moon,3,2,1,Made Gold | Made Silver,Moon
levenshtein,Made,NoMad,made,nomad,made,nomad,3,2,1,Made Gold | Made Silver,NoMad
levenshtein,Made,Onda,made,onda,made,onda,3,2,14,Made Gold | Made Silver,Onda Acquamarine | Onda Acquamarine Copper Gilded | Onda Ultramarine Gold
levenshtein,Made,Order,made,order,made,order,3,2,4,Made Gold | Made Silver,Order Occultus | Order Electus | Order Revolutio
levenshtein,Made,Ravn,made,ravn,made,ravn,3,2,17,Made Gold | Made Silver,Ravn Crimson Red Mini | Ravn Purple Haze Mini | Ravn X Mini
levenshtein,Made,Rome,made,rome,made,rome,3,2,4,Made Gold | Made Silver,Rome Augustus | Rome Augustus Sleeve | Rome Caesar
levenshtein,Made,Saga,made,saga,made,saga,3,2,3,Made Gold | Made Silver,Saga Conquerors | Saga Raiders | Saga Seafarers
levenshtein,Made,Tales,made,tales,made,tales,3,2,6,Made Gold | Made Silver,Nefarious Tales | Heroic Tales | Arcane Tales
levenshtein,Made,Time,made,time,made,time,3,2,5,Made Gold | Made Silver,Time I | Time II | Time III
levenshtein,Maduro,Maestro,maduro,maestro,maduro,maestro,3,2,1,Maduro Silver | Maduro Gold,Maestro III
levenshtein,Maduro,Makers,maduro,makers,maduro,makers,3,2,4,Maduro Silver | Maduro Gold,Makers Private Reserve | Makers Private Reserve Gilded | Makers Blacksmith Edition
levenshtein,Maduro,Naruto,maduro,naruto,maduro,naruto,3,2,1,Maduro Silver | Maduro Gold,Naruto Shippuden
levenshtein,Maduro,Sakura,maduro,sakura,maduro,sakura,3,2,1,Maduro Silver | Maduro Gold,Sakura Winter
levenshtein,Maestro,Masters,maestro,masters,maestro,masters,3,1,1,Maestro III,Masters Legacy Edition
levenshtein,Maestro,Tesoro,maestro,tesoro,maestro,tesoro,3,1,6,Maestro III,Tesoro Ruby | Tesoro Gold | Tesoro Copper
levenshtein,Maidens,Makers,maidens,makers,maidens,makers,3,1,4,Maidens,Makers Private Reserve | Makers Private Reserve Gilded | Makers Blacksmith Edition
levenshtein,Maidens,Masters,maidens,masters,maidens,masters,3,1,1,Maidens,Masters Legacy Edition
levenshtein,Maidens,Midas,maidens,midas,maidens,midas,3,1,1,Maidens,Midas
levenshtein,Makers,Manas,makers,manas,makers,manas,3,4,7,Makers Private Reserve | Makers Private Reserve Gilded | Makers Blacksmith Edition,Manas Judgement | Manas Frost | Manas Fracture
levenshtein,Makers,Masters,makers,masters,makers,masters,2,4,1,Makers Private Reserve | Makers Private Reserve Gilded | Makers Blacksmith Edition,Masters Legacy Edition
levenshtein,Makers,Sakura,makers,sakura,makers,sakura,3,4,1,Makers Private Reserve | Makers Private Reserve Gilded | Makers Blacksmith Edition,Sakura Winter
levenshtein,Makers,Snackers,makers,snackers,makers,snackers,3,4,2,Makers Private Reserve | Makers Private Reserve Gilded | Makers Blacksmith Edition,Snackers Strawberry | Snackers Blackberry
levenshtein,Makers,Tales,makers,tales,makers,tales,3,4,6,Makers Private Reserve | Makers Private Reserve Gilded | Makers Blacksmith Edition,Nefarious Tales | Heroic Tales | Arcane Tales
levenshtein,Makers,Tigers,makers,tigers,makers,tigers,3,4,6,Makers Private Reserve | Makers Private Reserve Gilded | Makers Blacksmith Edition,Tigers Standard | Tigers Standard v2 | Tigers Display
levenshtein,Manas,Midas,manas,midas,manas,midas,2,7,1,Manas Judgement | Manas Frost | Manas Fracture,Midas
levenshtein,Manas,Mint,manas,mint,manas,mint,3,7,2,Manas Judgement | Manas Frost | Manas Fracture,Mint v2 Cucumber | Mint v2 Blueberry Mint
levenshtein,Manas,Pagan,manas,pagan,manas,pagan,3,7,11,Manas Judgement | Manas Frost | Manas Fracture,Pagan Blue Gold Gilded | Pagan Otherworlds Gold Gilded | Pagan Dark
levenshtein,Manas,Saga,manas,saga,manas,saga,3,7,3,Manas Judgement | Manas Frost | Manas Fracture,Saga Conquerors | Saga Raiders | Saga Seafarers
levenshtein,Manas,Sins,manas,sins,manas,sins,3,7,12,Manas Judgement | Manas Frost | Manas Fracture,Sins Legacy Corpus | Sins Legacy Mentis | Sins Black Anima
levenshtein,Manas,Tales,manas,tales,manas,tales,3,7,6,Manas Judgement | Manas Frost | Manas Fracture,Nefarious Tales | Heroic Tales | Arcane Tales
levenshtein,Manas,Texas,manas,texas,manas,texas,3,7,2,Manas Judgement | Manas Frost | Manas Fracture,Texas Player's Edition | Texas Premium Edition
levenshtein,Marchen,Marvel,marchen,marvel,marchen,marvel,3,2,3,Marchen Hemelin | Marchen Schwarzwald,Black Panther | Guardians of the Galaxy | Spider Man
levenshtein,Masters,Mystery,masters,mystery,masters,mystery,2,1,1,Masters Legacy Edition,Mystery III
levenshtein,Merlin,Mermaid,merlin,mermaid,merlin,mermaid,3,1,1,Merlin Illuminations,Mermaid Teal
levenshtein,Midas,Midgard,midas,midgard,midas,midgard,3,1,2,Midas,Midgard Danegeld | Midgard Yggdrasil
levenshtein,Midas,Mint,midas,mint,midas,mint,3,1,2,Midas,Mint v2 Cucumber | Mint v2 Blueberry Mint
levenshtein,Midas,Mirage,midas,mirage,midas,mirage,3,1,2,Midas,Mirage | Mirage Red
levenshtein,Midas,Onda,midas,onda,midas,onda,3,1,14,Midas,Onda Acquamarine | Onda Acquamarine Copper Gilded | Onda Ultramarine Gold
levenshtein,Midas,Sins,midas,sins,midas,sins,3,1,12,Midas,Sins Legacy Corpus | Sins Legacy Mentis | Sins Black Anima
levenshtein,Midas,Texas,midas,texas,midas,texas,3,1,2,Midas,Texas Player's Edition | Texas Premium Edition
levenshtein,Mint,Moon,mint,moon,mint,moon,3,2,1,Mint v2 Cucumber | Mint v2 Blueberry Mint,Moon
levenshtein,Mint,Pi,mint,pi,mint,pi,3,2,3,Mint v2 Cucumber | Mint v2 Blueberry Mint,Pi Standard | Plum Pi Standard | Chocolate Pi Standard
levenshtein,Mint,Silk,mint,silk,mint,silk,3,2,6,Mint v2 Cucumber | Mint v2 Blueberry Mint,Silk Blue | Silk Red | Royal Silk Test Print
levenshtein,Mint,Sins,mint,sins,mint,sins,2,2,12,Mint v2 Cucumber | Mint v2 Blueberry Mint,Sins Legacy Corpus | Sins Legacy Mentis | Sins Black Anima
levenshtein,Mint,SNL,mint,snl,mint,snl,3,2,1,Mint v2 Cucumber | Mint v2 Blueberry Mint,SNL
levenshtein,Mint,Time,mint,time,mint,time,3,2,5,Mint v2 Cucumber | Mint v2 Blueberry Mint,Time I | Time II | Time III
levenshtein,Mirage,Piracy,mirage,piracy,mirage,piracy,3,2,1,Mirage | Mirage Red,Piracy
levenshtein,Moon,Neo,moon,neo,moon,neo,3,1,3,Moon,Neo | Neo Ltd | Neo Wave Ultra Sunset
levenshtein,Moon,Noel,moon,noel,moon,noel,3,1,1,Moon,Noel Limited
levenshtein,Moon,Poison,moon,poison,moon,poison,3,1,3,Moon,Poison Apsis | Poison Bella Donna | Poison King Slayer
levenshtein,Moon,Ravn,moon,ravn,moon,ravn,3,1,17,Moon,Ravn Crimson Red Mini | Ravn Purple Haze Mini | Ravn X Mini
levenshtein,Moon,Rome,moon,rome,moon,rome,3,1,4,Moon,Rome Augustus | Rome Augustus Sleeve | Rome Caesar
levenshtein,Moon,Tycoon,moon,tycoon,moon,tycoon,3,1,1,Moon,Blue Tycoon
levenshtein,Moon,Union,moon,union,moon,union,3,1,1,Moon,Union
levenshtein,Neo,Noel,neo,noel,neo,noel,2,3,1,Neo | Neo Ltd | Neo Wave Ultra Sunset,Noel Limited
levenshtein,Neo,NPH,neo,nph,neo,nph,2,3,1,Neo | Neo Ltd | Neo Wave Ultra Sunset,NPH
levenshtein,Neo,Obey,neo,obey,neo,obey,3,3,3,Neo | Neo Ltd | Neo Wave Ultra Sunset,Obey Collage | Obey Red | Obey Gold
levenshtein,Neo,Onda,neo,onda,neo,onda,3,3,14,Neo | Neo Ltd | Neo Wave Ultra Sunset,Onda Acquamarine | Onda Acquamarine Copper Gilded | Onda Ultramarine Gold
levenshtein,Neo,Peak,neo,peak,neo,peak,3,3,1,Neo | Neo Ltd | Neo Wave Ultra Sunset,Peak Mountain
levenshtein,Neo,Pi,neo,pi,neo,pi,3,3,3,Neo | Neo Ltd | Neo Wave Ultra Sunset,Pi Standard | Plum Pi Standard | Chocolate Pi Standard
levenshtein,Neo,SNL,neo,snl,neo,snl,3,3,1,Neo | Neo Ltd | Neo Wave Ultra Sunset,SNL
levenshtein,Neo,Theos,neo,theos,neo,theos,3,3,4,Neo | Neo Ltd | Neo Wave Ultra Sunset,Theos Green | Theos Purple | Theos Limited Green
levenshtein,Neo,Union,neo,union,neo,union,3,3,1,Neo | Neo Ltd | Neo Wave Ultra Sunset,Union
levenshtein,Neo,VHS,neo,vhs,neo,vhs,3,3,6,Neo | Neo Ltd | Neo Wave Ultra Sunset,VHS 1982 Standard | VHS 1982 Early Light E. 12 | VHS 1982 Pinewood Derby '86
levenshtein,Neo,WB,neo,wb,neo,wb,3,3,1,Neo | Neo Ltd | Neo Wave Ultra Sunset,WB
levenshtein,Neo,Zeus,neo,zeus,neo,zeus,3,3,2,Neo | Neo Ltd | Neo Wave Ultra Sunset,Zeus Mighty Gold | Zeus Sterling Silver
levenshtein,No. 17,No. 7,no17,no7,no-17,no-7,1,6,6,Black17 | No.17 V2 Bicycle Branded | No.17 V2,UC2019 No. 7 Classic | UC2019 No. 7 Borderless Green | UC2019 No. 7 Borderless Purple
levenshtein,No. 7,Noel,no7,noel,no-7,noel,3,6,1,UC2019 No. 7 Classic | UC2019 No. 7 Borderless Green | UC2019 No. 7 Borderless Purple,Noel Limited
levenshtein,No. 7,NoMad,no7,nomad,no-7,nomad,3,6,1,UC2019 No. 7 Classic | UC2019 No. 7 Borderless Green | UC2019 No. 7 Borderless Purple,NoMad
levenshtein,Noel,NoMad,noel,nomad,noel,nomad,3,1,1,Noel Limited,NoMad
levenshtein,Noel,NPH,noel,nph,noel,nph,3,1,1,Noel Limited,NPH
levenshtein,Noel,Obey,noel,obey,noel,obey,3,1,3,Noel Limited,Obey Collage | Obey Red | Obey Gold
levenshtein,Noel,Rome,noel,rome,noel,rome,3,1,4,Noel Limited,Rome Augustus | Rome Augustus Sleeve | Rome Caesar
levenshtein,Noel,SNL,noel,snl,noel,snl,3,1,1,Noel Limited,SNL
levenshtein,Noel,Socal,noel,socal,noel,socal,3,1,1,Noel Limited,California Bicycle
levenshtein,NoMad,NPCCD,nomad,npccd,nomad,npccd,3,1,25,NoMad,NPCCD 2016 Attendance | NPCCD 2016 Inaguration | NPCCD 2017 Pearl Label Anthracite
levenshtein,NoMad,Rome,nomad,rome,nomad,rome,3,1,4,NoMad,Rome Augustus | Rome Augustus Sleeve | Rome Caesar
levenshtein,NoMad,Socal,nomad,socal,nomad,socal,3,1,1,NoMad,California Bicycle
levenshtein,NPCCD,NPH,npccd,nph,npccd,nph,3,25,1,NPCCD 2016 Attendance | NPCCD 2016 Inaguration | NPCCD 2017 Pearl Label Anthracite,NPH
levenshtein,NPH,Onda,nph,onda,nph,onda,3,1,14,NPH,Onda Acquamarine | Onda Acquamarine Copper Gilded | Onda Ultramarine Gold
levenshtein,NPH,Pi,nph,pi,nph,pi,2,1,3,NPH,Pi Standard | Plum Pi Standard | Chocolate Pi Standard
levenshtein,NPH,SNL,nph,snl,nph,snl,3,1,1,NPH,SNL
levenshtein,NPH,VHS,nph,vhs,nph,vhs,3,1,6,NPH,VHS 1982 Standard | VHS 1982 Early Light E. 12 | VHS 1982 Pinewood Derby '86
levenshtein,NPH,WB,nph,wb,nph,wb,3,1,1,NPH,WB
levenshtein,Obey,Onda,obey,onda,obey,onda,3,3,14,Obey Collage | Obey Red | Obey Gold,Onda Acquamarine | Onda Acquamarine Copper Gilded | Onda Ultramarine Gold
levenshtein,Obey,Orbit,obey,orbit,obey,orbit,3,3,2,Obey Collage | Obey Red | Obey Gold,Orbit 5th Edition | Orbit 6th Edition
levenshtein,Obey,Order,obey,order,obey,order,3,3,4,Obey Collage | Obey Red | Obey Gold,Order Occultus | Order Electus | Order Revolutio
levenshtein,Obey,Rome,obey,rome,obey,rome,3,3,4,Obey Collage | Obey Red | Obey Gold,Rome Augustus | Rome Augustus Sleeve | Rome Caesar
levenshtein,Obey,WB,obey,wb,obey,wb,3,3,1,Obey Collage | Obey Red | Obey Gold,WB
levenshtein,Olympia,Olympians,olympia,olympians,olympia,olympians,2,2,1,Olympia | Olympia Underworld,Olympians
levenshtein,Olympia,Omnia,olympia,omnia,olympia,omnia,3,2,8,Olympia | Olympia Underworld,Omnia Prototype | Omnia Suprema (no seal) | Omnia Perduta
levenshtein,Omnia,Onda,omnia,onda,omnia,onda,2,8,14,Omnia Prototype | Omnia Suprema (no seal) | Omnia Perduta,Onda Acquamarine | Onda Acquamarine Copper Gilded | Onda Ultramarine Gold
levenshtein,Omnia,Orbit,omnia,orbit,omnia,orbit,3,8,2,Omnia Prototype | Omnia Suprema (no seal) | Omnia Perduta,Orbit 5th Edition | Orbit 6th Edition
levenshtein,Omnia,Umbra,omnia,umbra,omnia,umbra,3,8,4,Omnia Prototype | Omnia Suprema (no seal) | Omnia Perduta,Umbra Slate | Umbra Merlot | Umbra Noir
levenshtein,Omnia,Wonka,omnia,wonka,omnia,wonka,3,8,1,Omnia Prototype | Omnia Suprema (no seal) | Omnia Perduta,Wonka
levenshtein,Onda,Order,onda,order,onda,order,3,14,4,Onda Acquamarine | Onda Acquamarine Copper Gilded | Onda Ultramarine Gold,Order Occultus | Order Electus | Order Revolutio
levenshtein,Onda,Saga,onda,saga,onda,saga,3,14,3,Onda Acquamarine | Onda Acquamarine Copper Gilded | Onda Ultramarine Gold,Saga Conquerors | Saga Raiders | Saga Seafarers
levenshtein,Onda,SNL,onda,snl,onda,snl,3,14,1,Onda Acquamarine | Onda Acquamarine Copper Gilded | Onda Ultramarine Gold,SNL
levenshtein,Onda,Wonder,onda,wonder,onda,wonder,3,14,4,Onda Acquamarine | Onda Acquamarine Copper Gilded | Onda Ultramarine Gold,Royal Wonder Mini Gilded | Wonder Scarlet Standard | Wonder Royal Edition
levenshtein,Onda,Wonka,onda,wonka,onda,wonka,2,14,1,Onda Acquamarine | Onda Acquamarine Copper Gilded | Onda Ultramarine Gold,Wonka
levenshtein,Orbit,Order,orbit,order,orbit,order,3,2,4,Orbit 5th Edition | Orbit 6th Edition,Order Occultus | Order Electus | Order Revolutio
levenshtein,Orbit,Rarebit,orbit,rarebit,orbit,rarebit,3,2,2,Orbit 5th Edition | Orbit 6th Edition,Rarebit Gold | Rarebit Copper
levenshtein,Order,Wonder,order,wonder,order,wonder,2,4,4,Order Occultus | Order Electus | Order Revolutio,Royal Wonder Mini Gilded | Wonder Scarlet Standard | Wonder Royal Edition
levenshtein,Oscars,Sharps,oscars,sharps,oscars,sharps,3,1,1,Oscars,Sharps Private Reserve Green
levenshtein,Outkast,Outlaw,outkast,outlaw,outkast,outlaw,3,1,2,Outkast,Outlaw | Outlaw Hell Riders
levenshtein,Pagan,Peak,pagan,peak,pagan,peak,3,11,1,Pagan Blue Gold Gilded | Pagan Otherworlds Gold Gilded | Pagan Dark,Peak Mountain
levenshtein,Pagan,Ravn,pagan,ravn,pagan,ravn,3,11,17,Pagan Blue Gold Gilded | Pagan Otherworlds Gold Gilded | Pagan Dark,Ravn Crimson Red Mini | Ravn Purple Haze Mini | Ravn X Mini
levenshtein,Pagan,Saga,pagan,saga,pagan,saga,2,11,3,Pagan Blue Gold Gilded | Pagan Otherworlds Gold Gilded | Pagan Dark,Saga Conquerors | Saga Raiders | Saga Seafarers
levenshtein,Pagan,Tucan,pagan,tucan,pagan,tucan,3,11,1,Pagan Blue Gold Gilded | Pagan Otherworlds Gold Gilded | Pagan Dark,Tucan Cinnamon Back
levenshtein,Peacock,Peak,peacock,peak,peacock,peak,3,2,1,Peacock Purple | Peacock Green,Peak Mountain
levenshtein,Peak,Pi,peak,pi,peak,pi,3,1,3,Peak Mountain,Pi Standard | Plum Pi Standard | Chocolate Pi Standard
levenshtein,Peak,Silk,peak,silk,peak,silk,3,1,6,Peak Mountain,Silk Blue | Silk Red | Royal Silk Test Print
levenshtein,Peak,Texas,peak,texas,peak,texas,3,1,2,Peak Mountain,Texas Player's Edition | Texas Premium Edition
levenshtein,Peak,Zeus,peak,zeus,peak,zeus,3,1,2,Peak Mountain,Zeus Mighty Gold | Zeus Sterling Silver
levenshtein,Peter Pan,Veteran,peterpan,veteran,peter-pan,veteran,3,1,1,Peter Pan,Veteran
levenshtein,Pi,Silk,pi,silk,pi,silk,3,3,6,Pi Standard | Plum Pi Standard | Chocolate Pi Standard,Silk Blue | Silk Red | Royal Silk Test Print
levenshtein,Pi,Sins,pi,sins,pi,sins,3,3,12,Pi Standard | Plum Pi Standard | Chocolate Pi Standard,Sins Legacy Corpus | Sins Legacy Mentis | Sins Black Anima
levenshtein,Pi,SNL,pi,snl,pi,snl,3,3,1,Pi Standard | Plum Pi Standard | Chocolate Pi Standard,SNL
levenshtein,Pi,Sumi,pi,sumi,pi,sumi,3,3,7,Pi Standard | Plum Pi Standard | Chocolate Pi Standard,Sumi Kitsune Myth Maker | Sumi Kitsune Tale Teller | Sumi Artist
levenshtein,Pi,Time,pi,time,pi,time,3,3,5,Pi Standard | Plum Pi Standard | Chocolate Pi Standard,Time I | Time II | Time III
levenshtein,Pi,VHS,pi,vhs,pi,vhs,3,3,6,Pi Standard | Plum Pi Standard | Chocolate Pi Standard,VHS 1982 Standard | VHS 1982 Early Light E. 12 | VHS 1982 Pinewood Derby '86
levenshtein,Pi,WB,pi,wb,pi,wb,2,3,1,Pi Standard | Plum Pi Standard | Chocolate Pi Standard,WB
levenshtein,Pluma,Sumi,pluma,sumi,pluma,sumi,3,1,7,Pluma Blue,Sumi Kitsune Myth Maker | Sumi Kitsune Tale Teller | Sumi Artist
levenshtein,Poison,Provision,poison,provision,poison,provision,3,3,1,Poison Apsis | Poison Bella Donna | Poison King Slayer,Provision
levenshtein,Poison,Union,poison,union,poison,union,3,3,1,Poison Apsis | Poison Bella Donna | Poison King Slayer,Union
levenshtein,Ravn,Rome,ravn,rome,ravn,rome,3,17,4,Ravn Crimson Red Mini | Ravn Purple Haze Mini | Ravn X Mini,Rome Augustus | Rome Augustus Sleeve | Rome Caesar
levenshtein,Ravn,Saga,ravn,saga,ravn,saga,3,17,3,Ravn Crimson Red Mini | Ravn Purple Haze Mini | Ravn X Mini,Saga Conquerors | Saga Raiders | Saga Seafarers
levenshtein,Red Bar,Red Fox,redbar,redfox,red-bar,red-fox,3,1,4,Red Bar,Red Fox v1.0 Unmarked | Red Fox v1.1 Marked | Red Fox v2.0
levenshtein,Regium,Requiem,regium,requiem,regium,requiem,3,2,4,Regium Antique | Regium Classic,Requiem Winter | Requiem Autumn | Black Requiem Counterspell
levenshtein,Rome,Sumi,rome,sumi,rome,sumi,3,4,7,Rome Augustus | Rome Augustus Sleeve | Rome Caesar,Sumi Kitsune Myth Maker | Sumi Kitsune Tale Teller | Sumi Artist
levenshtein,Rome,Time,rome,time,rome,time,2,4,5,Rome Augustus | Rome Augustus Sleeve | Rome Caesar,Time I | Time II | Time III
levenshtein,Royales,Tales,royales,tales,royales,tales,3,4,6,Royales Classic | Royales Players Noir | Royales Players Rouge Gilded,Nefarious Tales | Heroic Tales | Arcane Tales
levenshtein,Royales,Voyager,royales,voyager,royales,voyager,3,4,1,Royales Classic | Royales Players Noir | Royales Players Rouge Gilded,Voyager
levenshtein,Saga,Sakura,saga,sakura,saga,sakura,3,3,1,Saga Conquerors | Saga Raiders | Saga Seafarers,Sakura Winter
levenshtein,Saga,Sheba,saga,sheba,saga,sheba,3,3,1,Saga Conquerors | Saga Raiders | Saga Seafarers,Sheba
levenshtein,Saga,Silk,saga,silk,saga,silk,3,3,6,Saga Conquerors | Saga Raiders | Saga Seafarers,Silk Blue | Silk Red | Royal Silk Test Print
levenshtein,Saga,Sins,saga,sins,saga,sins,3,3,12,Saga Conquerors | Saga Raiders | Saga Seafarers,Sins Legacy Corpus | Sins Legacy Mentis | Sins Black Anima
levenshtein,Saga,SNL,saga,snl,saga,snl,3,3,1,Saga Conquerors | Saga Raiders | Saga Seafarers,SNL
levenshtein,Saga,Socal,saga,socal,saga,socal,3,3,1,Saga Conquerors | Saga Raiders | Saga Seafarers,California Bicycle
levenshtein,Saga,Sumi,saga,sumi,saga,sumi,3,3,7,Saga Conquerors | Saga Raiders | Saga Seafarers,Sumi Kitsune Myth Maker | Sumi Kitsune Tale Teller | Sumi Artist
levenshtein,Saga,Supra,saga,supra,saga,supra,3,3,1,Saga Conquerors | Saga Raiders | Saga Seafarers,Supra Oracle
levenshtein,Saga,Surf,saga,surf,saga,surf,3,3,2,Saga Conquerors | Saga Raiders | Saga Seafarers,Surf | Surf v2 Sunset
levenshtein,Sakura,Supra,sakura,supra,sakura,supra,3,1,1,Sakura Winter,Supra Oracle
levenshtein,Sakura,Surf,sakura,surf,sakura,surf,3,1,2,Sakura Winter,Surf | Surf v2 Sunset
levenshtein,Seafarers,Wayfarers,seafarers,wayfarers,seafarers,wayfarers,3,2,1,Seafarers v1 | Seafarers v2,Wayfarers
levenshtein,Sembras,Umbra,sembras,umbra,sembras,umbra,3,1,4,Sembras,Umbra Slate | Umbra Merlot | Umbra Noir
levenshtein,Sensu,Sins,sensu,sins,sensu,sins,2,4,12,Sensu Mankai-No-Sensu (Full Blossom Fan) | Sensu Haru-No-Sensu (Spring's Fan) | Sensu Fuyu-No-Sensu (Winter's Fan),Sins Legacy Corpus | Sins Legacy Mentis | Sins Black Anima
levenshtein,Sensu,SNL,sensu,snl,sensu,snl,3,4,1,Sensu Mankai-No-Sensu (Full Blossom Fan) | Sensu Haru-No-Sensu (Spring's Fan) | Sensu Fuyu-No-Sensu (Winter's Fan),SNL
levenshtein,Sensu,Zeus,sensu,zeus,sensu,zeus,3,4,2,Sensu Mankai-No-Sensu (Full Blossom Fan) | Sensu Haru-No-Sensu (Spring's Fan) | Sensu Fuyu-No-Sensu (Winter's Fan),Zeus Mighty Gold | Zeus Sterling Silver
levenshtein,Sheba,Supra,sheba,supra,sheba,supra,3,1,1,Sheba,Supra Oracle
levenshtein,Sheba,Theos,sheba,theos,sheba,theos,3,1,4,Sheba,Theos Green | Theos Purple | Theos Limited Green
levenshtein,Silk,Sins,silk,sins,silk,sins,2,6,12,Silk Blue | Silk Red | Royal Silk Test Print,Sins Legacy Corpus | Sins Legacy Mentis | Sins Black Anima
levenshtein,Silk,SNL,silk,snl,silk,snl,2,6,1,Silk Blue | Silk Red | Royal Silk Test Print,SNL
levenshtein,Silk,Sumi,silk,sumi,silk,sumi,3,6,7,Silk Blue | Silk Red | Royal Silk Test Print,Sumi Kitsune Myth Maker | Sumi Kitsune Tale Teller | Sumi Artist
levenshtein,Silk,Surf,silk,surf,silk,surf,3,6,2,Silk Blue | Silk Red | Royal Silk Test Print,Surf | Surf v2 Sunset
levenshtein,Silk,Time,silk,time,silk,time,3,6,5,Silk Blue | Silk Red | Royal Silk Test Print,Time I | Time II | Time III
levenshtein,Sins,SNL,sins,snl,sins,snl,2,12,1,Sins Legacy Corpus | Sins Legacy Mentis | Sins Black Anima,SNL
levenshtein,Sins,Sumi,sins,sumi,sins,sumi,3,12,7,Sins Legacy Corpus | Sins Legacy Mentis | Sins Black Anima,Sumi Kitsune Myth Maker | Sumi Kitsune Tale Teller | Sumi Artist
levenshtein,Sins,Surf,sins,surf,sins,surf,3,12,2,Sins Legacy Corpus | Sins Legacy Mentis | Sins Black Anima,Surf | Surf v2 Sunset
levenshtein,Sins,Time,sins,time,sins,time,3,12,5,Sins Legacy Corpus | Sins Legacy Mentis | Sins Black Anima,Time I | Time II | Time III
levenshtein,Sins,Trics,sins,trics,sins,trics,3,12,1,Sins Legacy Corpus | Sins Legacy Mentis | Sins Black Anima,Trics V2 Premium
levenshtein,Sins,VHS,sins,vhs,sins,vhs,3,12,6,Sins Legacy Corpus | Sins Legacy Mentis | Sins Black Anima,VHS 1982 Standard | VHS 1982 Early Light E. 12 | VHS 1982 Pinewood Derby '86
levenshtein,Sins,Visions,sins,visions,sins,visions,3,12,2,Sins Legacy Corpus | Sins Legacy Mentis | Sins Black Anima,Visions Present Purple Gilded | Visions Prototype
levenshtein,Sins,Zeus,sins,zeus,sins,zeus,3,12,2,Sins Legacy Corpus | Sins Legacy Mentis | Sins Black Anima,Zeus Mighty Gold | Zeus Sterling Silver
levenshtein,Slicers,Snackers,slicers,snackers,slicers,snackers,3,1,2,Slicers,Snackers Strawberry | Snackers Blackberry
levenshtein,Slicers,Tigers,slicers,tigers,slicers,tigers,3,1,6,Slicers,Tigers Standard | Tigers Standard v2 | Tigers Display
levenshtein,SNL,Socal,snl,socal,snl,socal,3,1,1,SNL,California Bicycle
levenshtein,SNL,Sumi,snl,sumi,snl,sumi,3,1,7,SNL,Sumi Kitsune Myth Maker | Sumi Kitsune Tale Teller | Sumi Artist
levenshtein,SNL,Surf,snl,surf,snl,surf,3,1,2,SNL,Surf | Surf v2 Sunset
levenshtein,SNL,VHS,snl,vhs,snl,vhs,3,1,6,SNL,VHS 1982 Standard | VHS 1982 Early Light E. 12 | VHS 1982 Pinewood Derby '86
levenshtein,SNL,WB,snl,wb,snl,wb,3,1,1,SNL,WB
levenshtein,Socal,Tucan,socal,tucan,socal,tucan,3,1,1,California Bicycle,Tucan Cinnamon Back
levenshtein,Solstice,Voltige,solstice,voltige,solstice,voltige,3,2,4,Solstice Standard | Winter Solstice Standard,Voltige Moulin Rouge Red | Voltige Deep Parisian Blue | Voltige Limited Edition Red
levenshtein,Stories,Trics,stories,trics,stories,trics,3,9,1,Stories I Standard Red | Stories II Standard Blue | Stories III Standard Green,Trics V2 Premium
levenshtein,Sultan,Supra,sultan,supra,sultan,supra,3,2,1,Sultan Republic | Sultan Republic Treasury,Supra Oracle
levenshtein,Sultan,Tucan,sultan,tucan,sultan,tucan,3,2,1,Sultan Republic | Sultan Republic Treasury,Tucan Cinnamon Back
levenshtein,Sumi,Supra,sumi,supra,sumi,supra,3,7,1,Sumi Kitsune Myth Maker | Sumi Kitsune Tale Teller | Sumi Artist,Supra Oracle
levenshtein,Sumi,Surf,sumi,surf,sumi,surf,2,7,2,Sumi Kitsune Myth Maker | Sumi Kitsune Tale Teller | Sumi Artist,Surf | Surf v2 Sunset
levenshtein,Sumi,Time,sumi,time,sumi,time,3,7,5,Sumi Kitsune Myth Maker | Sumi Kitsune Tale Teller | Sumi Artist,Time I | Time II | Time III
levenshtein,Sumi,Tulip,sumi,tulip,sumi,tulip,3,7,3,Sumi Kitsune Myth Maker | Sumi Kitsune Tale Teller | Sumi Artist,Tulip Amsterdam Light | Tulip Holland | Tulip Amsterdam Dark
levenshtein,Supra,Surf,supra,surf,supra,surf,2,1,2,Supra Oracle,Surf | Surf v2 Sunset
levenshtein,Supra,Umbra,supra,umbra,supra,umbra,3,1,4,Supra Oracle,Umbra Slate | Umbra Merlot | Umbra Noir
levenshtein,Tales,Texas,tales,texas,tales,texas,3,6,2,Nefarious Tales | Heroic Tales | Arcane Tales,Texas Player's Edition | Texas Premium Edition
levenshtein,Tales,Theos,tales,theos,tales,theos,3,6,4,Nefarious Tales | Heroic Tales | Arcane Tales,Theos Green | Theos Purple | Theos Limited Green
levenshtein,Tales,Tigers,tales,tigers,tales,tigers,3,6,6,Nefarious Tales | Heroic Tales | Arcane Tales,Tigers Standard | Tigers Standard v2 | Tigers Display
levenshtein,Tales,Time,tales,time,tales,time,3,6,5,Nefarious Tales | Heroic Tales | Arcane Tales,Time I | Time II | Time III
levenshtein,Tales,Trics,tales,trics,tales,trics,3,6,1,Nefarious Tales | Heroic Tales | Arcane Tales,Trics V2 Premium
levenshtein,Tales,Tulip,tales,tulip,tales,tulip,3,6,3,Nefarious Tales | Heroic Tales | Arcane Tales,Tulip Amsterdam Light | Tulip Holland | Tulip Amsterdam Dark
levenshtein,Teliad,Texas,teliad,texas,teliad,texas,3,2,2,Teliad Heren | Teliad Alfrin,Texas Player's Edition | Texas Premium Edition
levenshtein,Teliad,Tulip,teliad,tulip,teliad,tulip,3,2,3,Teliad Heren | Teliad Alfrin,Tulip Amsterdam Light | Tulip Holland | Tulip Amsterdam Dark
levenshtein,Texas,Theos,texas,theos,texas,theos,3,2,4,Texas Player's Edition | Texas Premium Edition,Theos Green | Theos Purple | Theos Limited Green
levenshtein,Texas,Trics,texas,trics,texas,trics,3,2,1,Texas Player's Edition | Texas Premium Edition,Trics V2 Premium
levenshtein,Texas,Tucan,texas,tucan,texas,tucan,3,2,1,Texas Player's Edition | Texas Premium Edition,Tucan Cinnamon Back
levenshtein,Texas,Zeus,texas,zeus,texas,zeus,3,2,2,Texas Player's Edition | Texas Premium Edition,Zeus Mighty Gold | Zeus Sterling Silver
levenshtein,The Conjurer,The Conjuring,theconjurer,theconjuring,the-conjurer,the-conjuring,3,2,2,The Conjurer Red | The Conjurer Blue,The Conjuring | The Conjuring Deluxe
levenshtein,The Coven,The Hive,thecoven,thehive,the-coven,the-hive,3,1,2,The Coven,The Hive 2 Limited Edition Gold | The Hive 2 Standard Edition Green
levenshtein,The Secret,The Serpent,thesecret,theserpent,the-secret,the-serpent,3,2,4,The Secret Virescent | The Secret Scarlet,The Serpent White | The Serpent Green | The Serpent Rainbow
levenshtein,Theos,Tigers,theos,tigers,theos,tigers,3,4,6,Theos Green | Theos Purple | Theos Limited Green,Tigers Standard | Tigers Standard v2 | Tigers Display
levenshtein,Theos,Trics,theos,trics,theos,trics,3,4,1,Theos Green | Theos Purple | Theos Limited Green,Trics V2 Premium
levenshtein,Theos,VHS,theos,vhs,theos,vhs,3,4,6,Theos Green | Theos Purple | Theos Limited Green,VHS 1982 Standard | VHS 1982 Early Light E. 12 | VHS 1982 Pinewood Derby '86
levenshtein,Theos,Zeus,theos,zeus,theos,zeus,3,4,2,Theos Green | Theos Purple | Theos Limited Green,Zeus Mighty Gold | Zeus Sterling Silver
levenshtein,Tigers,Time,tigers,time,tigers,time,3,6,5,Tigers Standard | Tigers Standard v2 | Tigers Display,Time I | Time II | Time III
levenshtein,Time,Trics,time,trics,time,trics,3,5,1,Time I | Time II | Time III,Trics V2 Premium
levenshtein,Trics,Varius,trics,varius,trics,varius,3,1,3,Trics V2 Premium,Varius Classic | Varius Teal Limited | Varius Purple Limited
levenshtein,Tucan,Tulip,tucan,tulip,tucan,tulip,3,1,3,Tucan Cinnamon Back,Tulip Amsterdam Light | Tulip Holland | Tulip Amsterdam Dark
levenshtein,Tucan,Tycoon,tucan,tycoon,tucan,tycoon,3,1,1,Tucan Cinnamon Back,Blue Tycoon
levenshtein,Vanity,Varius,vanity,varius,vanity,varius,3,2,3,Vanity No. 41 Red | Vanity No. 41 Green,Varius Classic | Varius Teal Limited | Varius Purple Limited
levenshtein,VHS,WB,vhs,wb,vhs,wb,3,6,1,VHS 1982 Standard | VHS 1982 Early Light E. 12 | VHS 1982 Pinewood Derby '86,WB
levenshtein,VHS,Zeus,vhs,zeus,vhs,zeus,3,6,2,VHS 1982 Standard | VHS 1982 Early Light E. 12 | VHS 1982 Pinewood Derby '86,Zeus Mighty Gold | Zeus Sterling Silver
levenshtein,Viking,Visions,viking,visions,viking,visions,3,1,2,Viking Blizzard Wing,Visions Present Purple Gilded | Visions Prototype
levenshtein,Viking,Wukong,viking,wukong,viking,wukong,3,1,5,Viking Blizzard Wing,Wukong Destruction | Wukong Rebellion | Wukong Confusion
levenshtein,Vitreous,Vitrum,vitreous,vitrum,vitreous,vitrum,3,1,1,Vitreous,Vitrum Mosaic Spade
levenshtein,Wonder,Wonka,wonder,wonka,wonder,wonka,3,4,1,Royal Wonder Mini Gilded | Wonder Scarlet Standard | Wonder Royal Edition,Wonka
